day_index,date,price_max,price_min,price_mean,price_std,price_range,abs_hourly_change_mean,abs_hourly_change_max,spike_count_q95,is_spike_day,is_high_vol_day,stress_regime
0,2019-01-01,66.26,20.0,44.10208333333333,16.0929476801558,46.260000000000005,4.944782608695653,15.64,2,False,True,High Volatility
1,2019-01-02,80.08,49.43,65.05833333333334,9.560780697005445,30.65,4.507391304347825,12.510000000000005,2,False,False,Normal
2,2019-01-03,76.0,44.14,54.71083333333333,9.040369325211882,31.86,4.29304347826087,12.899999999999999,2,False,False,Normal
3,2019-01-04,81.22,38.54,59.3425,13.986994036386552,42.68,5.895217391304348,19.090000000000003,2,False,True,High Volatility
4,2019-01-05,66.8,21.86,46.30291666666667,12.49344331662801,44.94,4.392608695652174,10.969999999999999,2,False,True,High Volatility
5,2019-01-06,59.41,21.41,40.07041666666667,9.021166163488806,38.0,3.7491304347826078,11.43,2,False,False,Normal
6,2019-01-07,81.08,46.24,62.76833333333334,11.159737672881754,34.839999999999996,4.569565217391305,12.999999999999993,2,False,False,Normal
7,2019-01-08,67.2,41.0,51.25625,7.4542633336786635,26.200000000000003,3.1678260869565222,10.290000000000006,2,False,False,Normal
8,2019-01-09,68.39,44.38,49.71125,5.292294901655324,24.009999999999998,2.8856521739130425,12.219999999999999,2,False,False,Normal
9,2019-01-10,78.47,43.11,60.520833333333336,11.71062576453972,35.36,4.860869565217392,14.700000000000003,2,False,False,Normal
10,2019-01-11,53.05,36.02,42.13791666666666,5.034673668598127,17.029999999999994,1.8626086956521737,6.849999999999994,2,False,False,Normal
11,2019-01-12,56.42,38.23,46.803333333333335,5.2959440318422715,18.190000000000005,2.02608695652174,7.3600000000000065,2,False,False,Normal
12,2019-01-13,81.03,49.58,65.45625,9.054198551668918,31.450000000000003,3.6195652173913038,12.719999999999999,2,False,False,Normal
13,2019-01-14,86.08,39.75,64.92125,13.509050529021357,46.33,4.715217391304348,13.759999999999998,2,False,True,High Volatility
14,2019-01-15,91.56,52.43,71.93416666666667,12.382704247972399,39.13,5.333913043478261,12.840000000000003,2,True,True,Spike + High Vol
15,2019-01-16,95.41,59.01,72.39125,10.548078461934688,36.4,5.463913043478261,13.569999999999993,2,True,False,Spike Event
16,2019-01-17,84.27,56.26,69.27416666666666,9.05748113399932,28.009999999999998,3.6873913043478264,9.719999999999999,2,False,False,Normal
17,2019-01-18,93.28,55.0,71.17083333333333,10.834559406650179,38.28,4.7208695652173915,14.510000000000005,2,True,False,Spike Event
18,2019-01-19,82.59,60.37,69.03916666666667,7.331506112938731,22.220000000000006,3.3856521739130443,11.460000000000008,2,False,False,Normal
19,2019-01-20,81.33,58.59,65.97875,6.735658718311462,22.739999999999995,2.5404347826086946,7.839999999999989,2,False,False,Normal
20,2019-01-21,88.16,54.48,72.53750000000001,10.91731622140995,33.68,3.8017391304347825,10.830000000000005,2,True,False,Spike Event
21,2019-01-22,88.76,60.65,71.81958333333334,8.60543633998005,28.110000000000007,3.458260869565218,10.379999999999995,2,True,False,Spike Event
22,2019-01-23,94.97,60.39,77.11333333333333,11.819929620428539,34.58,4.126956521739129,11.809999999999988,2,True,False,Spike Event
23,2019-01-24,108.38,62.68,83.24,15.909204062838697,45.699999999999996,5.564782608695652,20.569999999999993,2,True,True,Spike + High Vol
24,2019-01-25,92.99,55.32,69.50208333333333,9.911369395653734,37.669999999999995,4.577826086956522,14.420000000000002,2,True,False,Spike Event
25,2019-01-26,80.32,49.9,61.512499999999996,8.501567246818311,30.419999999999995,4.016521739130434,12.219999999999999,2,False,False,Normal
26,2019-01-27,76.87,53.28,62.848749999999995,5.627502583392295,23.590000000000003,2.867391304347827,8.29,2,False,False,Normal
27,2019-01-28,77.1,37.8,61.01,12.152235435793552,39.3,3.8604347826086958,13.200000000000003,2,False,False,Normal
28,2019-01-29,86.92,55.0,70.56916666666667,10.657882535706968,31.92,4.09086956521739,11.450000000000003,2,True,False,Spike Event
29,2019-01-30,89.23,58.38,71.205,9.828882903485766,30.85,4.03086956521739,13.010000000000005,2,True,False,Spike Event
30,2019-01-31,85.46,44.65,63.92416666666667,12.066605342545751,40.809999999999995,4.6008695652173905,14.57,2,False,False,Normal
31,2019-02-01,74.57,36.0,59.145,11.891924187008811,38.56999999999999,4.3826086956521735,14.100000000000001,2,False,False,Normal
32,2019-02-02,68.2,42.71,55.60208333333333,8.020228219222057,25.490000000000002,3.3313043478260873,9.36,2,False,False,Normal
33,2019-02-03,71.65,39.48,50.88708333333333,9.09297506160742,32.17000000000001,4.126086956521739,14.729999999999997,2,False,False,Normal
34,2019-02-04,77.9,47.99,58.009166666666665,8.991346524233208,29.910000000000004,5.206956521739131,13.61,2,False,False,Normal
35,2019-02-05,73.09,47.77,60.13791666666666,7.563350407329938,25.32,4.112608695652174,9.780000000000001,2,False,False,Normal
36,2019-02-06,60.04,10.0,33.63916666666667,12.172022773795533,50.04,4.490869565217391,10.900000000000006,2,False,False,Normal
37,2019-02-07,75.12,51.8,63.99166666666667,7.9151613824447615,23.320000000000007,3.5599999999999996,13.129999999999995,2,False,False,Normal
38,2019-02-08,56.74,40.64,47.56916666666667,4.617462051506376,16.1,2.2117391304347827,8.54,2,False,False,Normal
39,2019-02-09,74.57,39.64,61.13041666666667,13.324566223192102,34.92999999999999,3.954347826086956,17.620000000000005,2,False,True,High Volatility
40,2019-02-10,81.78,41.0,61.036249999999995,13.070778497988492,40.78,5.504347826086955,15.809999999999995,2,False,True,High Volatility
41,2019-02-11,57.46,31.3,42.10208333333333,7.97339815133486,26.16,3.6482608695652177,10.729999999999997,2,False,False,Normal
42,2019-02-12,70.85,34.46,52.31375,10.387020250000143,36.38999999999999,3.6865217391304337,10.079999999999998,2,False,False,Normal
43,2019-02-13,79.57,39.54,54.16583333333333,11.414147939658296,40.029999999999994,5.1673913043478255,12.569999999999993,2,False,False,Normal
44,2019-02-14,84.18,42.0,57.12916666666666,11.880911953237419,42.18000000000001,5.294347826086956,15.280000000000001,2,False,False,Normal
45,2019-02-15,73.94,43.45,55.2075,9.699608351573431,30.489999999999995,4.582173913043477,11.730000000000004,2,False,False,Normal
46,2019-02-16,73.79,40.8,53.780833333333334,10.026536927255753,32.99000000000001,3.976521739130435,12.560000000000002,2,False,False,Normal
47,2019-02-17,76.16,41.33,56.67124999999999,9.480156076728402,34.83,3.6486956521739127,11.5,2,False,False,Normal
48,2019-02-18,85.15,42.79,62.80125,12.846391918592824,42.36000000000001,5.281304347826087,15.379999999999995,2,False,True,High Volatility
49,2019-02-19,78.46,49.58,58.382083333333334,8.662217799740722,28.879999999999995,3.9795652173913045,11.219999999999999,2,False,False,Normal
50,2019-02-20,80.81,48.92,59.645,8.974018052132504,31.89,3.9791304347826086,12.269999999999996,2,False,False,Normal
51,2019-02-21,79.65,51.3,62.374583333333334,8.393107927842095,28.35000000000001,4.366521739130435,11.670000000000002,2,False,False,Normal
52,2019-02-22,70.6,47.73,58.115833333333335,6.346577247116999,22.869999999999997,3.5626086956521728,6.530000000000001,2,False,False,Normal
53,2019-02-23,68.78,34.67,50.655,9.252782425232727,34.11,4.631304347826087,14.030000000000001,2,False,False,Normal
54,2019-02-24,70.0,31.0,45.584583333333335,11.944600009379057,39.0,4.38304347826087,11.5,2,False,False,Normal
55,2019-02-25,82.91,36.37,57.38708333333333,14.451815134729815,46.54,5.177391304347827,15.920000000000002,2,False,True,High Volatility
56,2019-02-26,75.56,43.18,57.71125,9.76068926312606,32.38,4.88608695652174,14.93,2,False,False,Normal
57,2019-02-27,75.35,38.0,54.83083333333334,11.439472820274412,37.349999999999994,4.9513043478260865,10.79,2,False,False,Normal
58,2019-02-28,76.88,47.36,59.97958333333333,9.035529136434805,29.519999999999996,4.950434782608695,11.340000000000003,2,False,False,Normal
59,2019-03-01,74.48,40.61,59.73833333333334,11.327069795182148,33.870000000000005,2.941304347826087,13.130000000000003,2,False,False,Normal
60,2019-03-02,79.45,40.0,54.70875,10.530575075134477,39.45,3.7073913043478264,9.189999999999998,2,False,False,Normal
61,2019-03-03,68.8,45.15,53.08583333333333,7.461509298693713,23.65,3.1443478260869564,9.750000000000007,2,False,False,Normal
62,2019-03-04,86.83,44.15,60.140833333333326,13.008498197805881,42.68,5.917826086956524,20.650000000000006,2,True,True,Spike + High Vol
63,2019-03-05,70.84,49.75,60.27375,6.205383225737217,21.090000000000003,4.170434782608696,11.249999999999993,2,False,False,Normal
64,2019-03-06,59.76,36.48,47.64166666666667,7.137217620496019,23.28,3.5213043478260873,10.68,2,False,False,Normal
65,2019-03-07,75.6,48.48,61.91791666666666,9.298813846361014,27.119999999999997,3.5643478260869554,9.950000000000003,2,False,False,Normal
66,2019-03-08,59.02,37.34,46.345416666666665,6.514138455608737,21.68,2.3447826086956516,8.149999999999999,2,False,False,Normal
67,2019-03-09,71.2,40.51,53.27666666666667,9.081111149531479,30.690000000000005,4.393913043478261,14.07,2,False,False,Normal
68,2019-03-10,71.65,39.66,55.59125,11.077237653031519,31.99000000000001,4.4300000000000015,11.100000000000001,2,False,False,Normal
69,2019-03-11,42.83,7.13,27.440416666666668,10.70201625829234,35.699999999999996,3.170434782608696,10.98,2,False,False,Normal
70,2019-03-12,74.98,39.68,56.02041666666667,10.619138374597092,35.300000000000004,4.553043478260871,12.21,2,False,False,Normal
71,2019-03-13,80.17,45.6,59.75875,10.551696880844206,34.57,4.869565217391305,10.920000000000002,2,False,False,Normal
72,2019-03-14,79.87,41.54,57.22708333333333,10.120931164914005,38.330000000000005,5.028260869565217,9.869999999999997,2,False,False,Normal
73,2019-03-15,80.05,43.41,57.45666666666667,11.545069591997184,36.64,5.248260869565217,11.590000000000003,2,False,False,Normal
74,2019-03-16,71.31,24.83,46.713750000000005,11.539764074334638,46.480000000000004,5.324347826086957,10.57,2,False,False,Normal
75,2019-03-17,70.68,44.48,56.30166666666667,5.768974490034315,26.20000000000001,3.863913043478261,11.02000000000001,2,False,False,Normal
76,2019-03-18,79.15,35.0,54.7475,11.931857339292046,44.150000000000006,4.42913043478261,13.969999999999999,2,False,False,Normal
77,2019-03-19,79.29,49.73,61.36958333333334,8.36007617978952,29.56000000000001,4.270000000000001,11.590000000000003,2,False,False,Normal
78,2019-03-20,71.68,47.15,54.74666666666667,6.542418557361653,24.53000000000001,3.7065217391304346,8.610000000000007,2,False,False,Normal
79,2019-03-21,71.26,38.34,51.39791666666667,8.075039899843098,32.92,4.277826086956522,9.860000000000007,2,False,False,Normal
80,2019-03-22,77.26,42.89,54.522083333333335,10.470579477824968,34.370000000000005,5.032608695652174,15.229999999999997,2,False,False,Normal
81,2019-03-23,73.06,28.52,46.88791666666666,11.118137543111086,44.540000000000006,4.615652173913043,14.130000000000003,2,False,False,Normal
82,2019-03-24,68.89,37.15,47.36333333333334,9.349713163080677,31.740000000000002,3.4017391304347835,9.329999999999998,2,False,False,Normal
83,2019-03-25,72.71,34.41,49.33541666666667,10.65973283749019,38.3,4.890434782608695,12.110000000000007,2,False,False,Normal
84,2019-03-26,73.63,38.0,51.35166666666667,9.604376568802493,35.629999999999995,4.517826086956521,10.900000000000006,2,False,False,Normal
85,2019-03-27,69.72,39.99,50.79625000000001,8.281301521578861,29.729999999999997,3.928695652173914,11.600000000000001,2,False,False,Normal
86,2019-03-28,70.49,38.92,49.275,8.24962502441646,31.569999999999993,4.124782608695653,11.279999999999994,2,False,False,Normal
87,2019-03-29,79.41,39.95,55.817499999999995,10.52049149537928,39.459999999999994,4.9143478260869555,16.019999999999996,2,False,False,Normal
88,2019-03-30,77.95,26.79,49.415,12.618481959273936,51.160000000000004,5.163913043478261,12.799999999999997,2,False,True,High Volatility
89,2019-03-31,71.07,35.92,49.88958333333333,9.82895654560352,35.14999999999999,4.38695652173913,10.560000000000002,2,False,False,Normal
90,2019-04-01,80.71,47.0,67.22083333333333,10.661871895630739,33.709999999999994,3.601304347826087,11.829999999999991,2,False,False,Normal
91,2019-04-02,80.39,44.97,65.02416666666666,9.11058768527116,35.42,4.275217391304347,13.520000000000003,2,False,False,Normal
92,2019-04-03,66.93,36.32,49.669999999999995,8.430628425697217,30.610000000000007,4.194782608695654,9.270000000000003,2,False,False,Normal
93,2019-04-04,77.99,42.59,57.34958333333333,10.559133478597593,35.39999999999999,5.519565217391304,12.659999999999997,2,False,False,Normal
94,2019-04-05,66.52,39.21,57.15083333333334,6.200130374973307,27.309999999999995,2.9047826086956516,9.420000000000002,2,False,False,Normal
95,2019-04-06,57.2,32.96,43.375416666666666,7.980541541593619,24.240000000000002,4.49304347826087,15.919999999999995,2,False,False,Normal
96,2019-04-07,72.12,45.89,57.345,7.6773172397654665,26.230000000000004,3.458260869565218,12.659999999999997,2,False,False,Normal
97,2019-04-08,59.43,35.85,43.026250000000005,6.57907077653134,23.58,2.398695652173913,9.800000000000004,2,False,False,Normal
98,2019-04-09,74.62,37.52,49.81166666666667,10.706330783259956,37.1,4.477826086956522,12.909999999999997,2,False,False,Normal
99,2019-04-10,75.93,26.68,58.26208333333333,14.267236099041645,49.25000000000001,5.661739130434783,23.32,2,False,True,High Volatility
100,2019-04-11,54.3,11.32,37.08833333333333,11.517076420488072,42.98,4.932608695652173,18.009999999999998,2,False,False,Normal
101,2019-04-12,74.95,39.83,55.696666666666665,9.981472692015405,35.120000000000005,4.805652173913046,12.410000000000004,2,False,False,Normal
102,2019-04-13,69.17,50.42,55.840833333333336,4.197743614047353,18.75,2.698695652173912,9.850000000000001,2,False,False,Normal
103,2019-04-14,62.97,52.48,55.65958333333333,3.0567608305790483,10.490000000000002,1.8356521739130434,4.839999999999996,2,False,False,Normal
104,2019-04-15,71.55,41.21,55.43333333333334,8.168328905072887,30.339999999999996,4.468260869565217,8.29,2,False,False,Normal
105,2019-04-16,73.44,48.99,58.382083333333334,6.312813731621179,24.449999999999996,3.3273913043478247,9.849999999999994,2,False,False,Normal
106,2019-04-17,75.04,50.57,59.364583333333336,6.782975478400295,24.470000000000006,3.6313043478260876,10.320000000000007,2,False,False,Normal
107,2019-04-18,73.38,45.76,55.04916666666667,7.620448986353965,27.619999999999997,3.742173913043479,11.630000000000003,2,False,False,Normal
108,2019-04-19,69.74,38.26,51.157916666666665,7.259473558088057,31.479999999999997,3.8165217391304362,11.229999999999997,2,False,False,Normal
109,2019-04-20,68.96,20.66,46.272083333333335,11.746755696108522,48.3,5.311304347826087,12.519999999999996,3,False,False,Normal
110,2019-04-21,57.02,6.15,39.13583333333333,14.530149140940397,50.870000000000005,5.066521739130434,19.32,2,False,True,High Volatility
111,2019-04-22,59.95,7.36,35.708333333333336,14.17307541314399,52.59,4.99695652173913,16.080000000000002,2,False,True,High Volatility
112,2019-04-23,79.78,37.11,59.97458333333333,13.927001293754225,42.67,6.431304347826088,18.83,2,False,True,High Volatility
113,2019-04-24,73.83,41.0,55.81875,9.524411342074822,32.83,5.372608695652175,12.850000000000001,2,False,False,Normal
114,2019-04-25,66.52,30.0,45.48500000000001,9.036531654779177,36.519999999999996,3.5521739130434766,8.909999999999997,2,False,False,Normal
115,2019-04-26,60.42,41.72,51.76083333333333,5.7203617373202125,18.700000000000003,3.151739130434783,7.380000000000003,2,False,False,Normal
116,2019-04-27,61.35,24.95,45.66833333333333,10.510944882304377,36.400000000000006,4.217826086956522,10.899999999999999,2,False,False,Normal
117,2019-04-28,58.55,19.44,37.56583333333334,11.075182564661391,39.11,4.308260869565217,13.61,2,False,False,Normal
118,2019-04-29,61.16,37.5,51.45041666666666,7.518275981359293,23.659999999999997,3.23391304347826,9.11,2,False,False,Normal
119,2019-04-30,71.68,45.53,53.48291666666666,6.3839026357173445,26.150000000000006,4.102608695652174,26.150000000000006,2,False,False,Normal
120,2019-05-01,82.33,53.5,67.55458333333333,8.71190638507548,28.83,3.9473913043478257,9.720000000000006,2,False,False,Normal
121,2019-05-02,70.36,41.71,58.7825,7.034550293095287,28.65,3.300869565217392,9.369999999999997,2,False,False,Normal
122,2019-05-03,94.2,36.35,58.44083333333333,15.661173790388558,57.85,6.8160869565217395,20.450000000000003,2,True,True,Spike + High Vol
123,2019-05-04,74.43,38.0,52.55166666666667,10.365762484451299,36.43000000000001,5.154782608695652,13.690000000000005,2,False,False,Normal
124,2019-05-05,59.77,30.05,40.88,9.10822179944176,29.720000000000002,4.193478260869566,12.869999999999997,2,False,False,Normal
125,2019-05-06,70.71,34.77,48.13666666666666,9.362161431350492,35.93999999999999,5.742173913043477,19.539999999999992,2,False,False,Normal
126,2019-05-07,72.96,45.89,56.47291666666666,7.445014368641295,27.069999999999993,3.0121739130434784,10.199999999999996,2,False,False,Normal
127,2019-05-08,61.41,41.34,49.41916666666666,5.755491076896205,20.069999999999993,2.353478260869565,8.54,2,False,False,Normal
128,2019-05-09,74.1,39.0,53.07708333333333,10.157632161246458,35.099999999999994,4.239130434782608,13.89,2,False,False,Normal
129,2019-05-10,71.53,26.5,50.22541666666667,10.393355728401747,45.03,5.531304347826087,20.240000000000002,2,False,False,Normal
130,2019-05-11,62.89,24.99,42.043749999999996,10.243998799933724,37.900000000000006,3.7934782608695663,11.259999999999998,2,False,False,Normal
131,2019-05-12,80.39,38.93,57.53791666666667,10.682940882818606,41.46,4.333913043478261,13.690000000000005,2,False,False,Normal
132,2019-05-13,69.83,48.75,57.23041666666666,5.055352289936112,21.08,2.649130434782608,10.57,2,False,False,Normal
133,2019-05-14,59.91,48.48,54.17625,3.4459476042598727,11.43,2.180434782608696,5.449999999999996,2,False,False,Normal
134,2019-05-15,68.31,49.27,55.87875,4.308047386300282,19.04,2.5252173913043476,9.32,2,False,False,Normal
135,2019-05-16,65.85,48.21,53.58083333333334,4.573370859059293,17.639999999999993,2.7491304347826078,8.909999999999997,2,False,False,Normal
136,2019-05-17,62.19,45.35,53.22208333333333,4.682013668578257,16.839999999999996,2.837391304347826,7.670000000000002,2,False,False,Normal
137,2019-05-18,57.03,39.9,46.689166666666665,5.065431795549351,17.130000000000003,2.7500000000000004,7.950000000000003,2,False,False,Normal
138,2019-05-19,58.95,36.49,43.73083333333333,6.973495110629321,22.46,3.509130434782608,9.310000000000002,2,False,False,Normal
139,2019-05-20,61.24,34.1,49.244166666666665,8.475451465039011,27.14,2.68304347826087,10.14,2,False,False,Normal
140,2019-05-21,60.66,35.27,47.5275,7.858135219658333,25.389999999999993,3.4417391304347813,9.04,2,False,False,Normal
141,2019-05-22,64.32,41.41,50.79749999999999,6.160228856561858,22.909999999999997,2.800869565217392,8.61,2,False,False,Normal
142,2019-05-23,64.12,43.39,49.94708333333333,5.4580992703438005,20.730000000000004,2.9652173913043485,8.310000000000002,2,False,False,Normal
143,2019-05-24,57.88,41.13,47.65833333333333,4.921324200259314,16.75,3.039130434782609,6.599999999999994,2,False,False,Normal
144,2019-05-25,58.17,37.04,44.69,5.03287280741846,21.130000000000003,3.1017391304347828,7.310000000000002,2,False,False,Normal
145,2019-05-26,57.04,32.71,42.89625,6.885598589431617,24.33,3.4065217391304357,10.240000000000002,2,False,False,Normal
146,2019-05-27,57.17,20.0,44.78958333333333,11.147120306302808,37.17,3.6465217391304336,10.0,2,False,False,Normal
147,2019-05-28,58.42,34.4,44.33541666666667,6.8607845787658945,24.020000000000003,3.7386956521739134,9.030000000000001,2,False,False,Normal
148,2019-05-29,53.27,30.32,41.358333333333334,7.360990993459852,22.950000000000003,3.335217391304348,8.469999999999999,2,False,False,Normal
149,2019-05-30,59.19,33.0,45.45083333333333,6.7210544699775925,26.189999999999998,3.7043478260869573,7.369999999999997,2,False,False,Normal
150,2019-05-31,60.9,37.59,48.1875,6.368097285962133,23.309999999999995,3.698695652173913,13.780000000000001,2,False,False,Normal
151,2019-06-01,75.23,45.07,58.22875,8.810641941030374,30.160000000000004,3.422173913043478,13.579999999999998,2,False,False,Normal
152,2019-06-02,72.23,38.29,56.55916666666667,10.430938895031648,33.940000000000005,3.974347826086958,11.5,2,False,False,Normal
153,2019-06-03,75.72,49.05,59.71291666666667,8.145808993996035,26.67,4.223478260869566,9.619999999999997,2,False,False,Normal
154,2019-06-04,72.17,40.39,52.41416666666667,7.741381697068693,31.78,4.194782608695653,10.370000000000005,2,False,False,Normal
155,2019-06-05,66.04,32.93,52.03125,10.077890269426865,33.11000000000001,3.910869565217392,12.54,2,False,False,Normal
156,2019-06-06,69.96,34.24,50.562083333333334,10.661070171898547,35.71999999999999,5.6091304347826085,17.840000000000003,2,False,False,Normal
157,2019-06-07,63.71,43.22,50.64958333333333,6.016744374021456,20.490000000000002,3.054782608695653,9.79,2,False,False,Normal
158,2019-06-08,59.56,44.06,49.275,5.2016368661178705,15.5,2.128695652173913,5.540000000000006,2,False,False,Normal
159,2019-06-09,66.7,40.63,52.24916666666667,8.20500479117401,26.07,3.7778260869565212,9.0,2,False,False,Normal
160,2019-06-10,63.72,35.8,43.22416666666667,7.411353755742174,27.92,3.1356521739130443,13.449999999999996,2,False,False,Normal
161,2019-06-11,77.38,33.79,52.193333333333335,12.297451367861862,43.589999999999996,4.209130434782609,15.449999999999996,2,False,False,Normal
162,2019-06-12,68.64,41.76,53.44416666666667,7.528560643464249,26.880000000000003,3.110000000000001,6.619999999999997,2,False,False,Normal
163,2019-06-13,63.51,36.49,49.74541666666667,8.331672403319267,27.019999999999996,3.534347826086956,9.439999999999998,2,False,False,Normal
164,2019-06-14,66.66,37.56,50.76208333333333,8.611348921836997,29.099999999999994,4.448260869565217,9.550000000000004,2,False,False,Normal
165,2019-06-15,53.04,32.96,42.8525,5.727718454642492,20.08,3.577826086956523,7.940000000000005,2,False,False,Normal
166,2019-06-16,60.71,25.6,40.02625,9.88300641307439,35.11,3.603913043478261,10.139999999999997,2,False,False,Normal
167,2019-06-17,68.05,36.89,49.223749999999995,8.861435653878326,31.159999999999997,3.887826086956521,13.000000000000007,2,False,False,Normal
168,2019-06-18,68.04,45.02,54.28958333333333,6.56561165014957,23.020000000000003,4.201739130434783,9.549999999999997,2,False,False,Normal
169,2019-06-19,72.33,44.02,56.37416666666667,7.904641408508136,28.309999999999995,4.016086956521739,10.719999999999999,2,False,False,Normal
170,2019-06-20,68.71,43.78,56.37125,5.792770090905297,24.929999999999993,3.0117391304347825,8.339999999999996,2,False,False,Normal
171,2019-06-21,58.94,40.99,51.47666666666667,5.637487620089877,17.949999999999996,2.266086956521739,6.049999999999997,2,False,False,Normal
172,2019-06-22,53.33,35.94,43.94916666666666,4.897971112051678,17.39,2.573478260869565,7.640000000000001,2,False,False,Normal
173,2019-06-23,62.15,31.31,41.137499999999996,9.068533868368089,30.84,3.04,11.900000000000006,2,False,False,Normal
174,2019-06-24,58.69,32.95,47.97208333333333,7.810133873576585,25.739999999999995,2.8891304347826074,9.229999999999997,2,False,False,Normal
175,2019-06-25,63.0,40.42,48.872083333333336,6.654551223993517,22.58,2.9417391304347826,8.880000000000003,2,False,False,Normal
176,2019-06-26,75.2,44.42,58.84,9.724114355559589,30.78,4.350434782608696,14.89,2,False,False,Normal
177,2019-06-27,76.84,49.0,65.1675,9.018905385235291,27.840000000000003,4.991304347826087,21.259999999999998,2,False,False,Normal
178,2019-06-28,68.0,45.0,55.25875,5.925659979753497,23.0,3.6291304347826094,10.509999999999998,2,False,False,Normal
179,2019-06-29,60.19,37.01,47.89625,6.545886071153528,23.18,3.3669565217391293,8.439999999999998,2,False,False,Normal
180,2019-06-30,66.36,34.66,45.22541666666667,9.599170244560623,31.700000000000003,3.448695652173913,11.519999999999996,2,False,False,Normal
181,2019-07-01,86.49,50.0,68.49416666666667,10.764320256277685,36.489999999999995,4.163043478260868,11.450000000000003,2,False,False,Normal
182,2019-07-02,85.01,48.77,64.48708333333333,9.763612338975628,36.24,4.694782608695653,10.119999999999997,2,False,False,Normal
183,2019-07-03,68.54,41.35,54.32,8.930386329829187,27.190000000000005,4.558695652173914,12.660000000000004,2,False,False,Normal
184,2019-07-04,66.89,45.83,53.06458333333333,5.623869918687562,21.060000000000002,3.1191304347826105,8.509999999999998,2,False,False,Normal
185,2019-07-05,76.32,47.9,57.495416666666664,9.139226957684,28.419999999999995,4.148260869565218,11.82,2,False,False,Normal
186,2019-07-06,74.14,42.25,52.29958333333334,7.469079728638169,31.89,5.0095652173913034,14.32,2,False,False,Normal
187,2019-07-07,57.96,35.95,43.15958333333333,7.159635938744536,22.009999999999998,2.8469565217391293,10.759999999999998,2,False,False,Normal
188,2019-07-08,61.18,43.07,51.58041666666667,5.9562130361399985,18.11,2.488695652173913,8.509999999999998,2,False,False,Normal
189,2019-07-09,56.25,34.88,41.60041666666667,5.380710700727883,21.369999999999997,2.8326086956521737,7.539999999999999,2,False,False,Normal
190,2019-07-10,80.51,39.07,61.137499999999996,13.54173107231061,41.440000000000005,4.9247826086956525,15.660000000000004,2,False,True,High Volatility
191,2019-07-11,59.36,32.11,45.21,7.706597963687547,27.25,3.2913043478260864,9.479999999999997,2,False,False,Normal
192,2019-07-12,63.19,42.52,51.350833333333334,5.743814000763114,20.669999999999995,2.630434782608695,6.3700000000000045,2,False,False,Normal
193,2019-07-13,54.67,39.79,45.83291666666667,4.556364377503155,14.880000000000003,2.4347826086956523,6.590000000000003,2,False,False,Normal
194,2019-07-14,54.98,34.04,41.13833333333333,6.800493375110916,20.939999999999998,1.83391304347826,5.57,2,False,False,Normal
195,2019-07-15,61.09,42.48,52.604166666666664,6.213499270813973,18.610000000000007,2.4865217391304357,10.14,2,False,False,Normal
196,2019-07-16,52.81,42.17,46.607499999999995,3.1811404162385015,10.64,1.4295652173913045,4.590000000000003,2,False,False,Normal
197,2019-07-17,58.2,42.0,48.035,4.958018538296015,16.200000000000003,2.016086956521739,6.390000000000001,2,False,False,Normal
198,2019-07-18,57.93,43.58,49.828333333333326,4.471181797541523,14.350000000000001,2.5247826086956517,6.049999999999997,2,False,False,Normal
199,2019-07-19,62.81,48.0,55.10541666666666,5.027685939455358,14.810000000000002,2.5673913043478267,8.410000000000004,2,False,False,Normal
200,2019-07-20,52.56,38.07,44.206250000000004,4.379841978983893,14.490000000000002,2.405652173913043,6.079999999999998,2,False,False,Normal
201,2019-07-21,57.05,35.38,43.35,6.330787436426639,21.669999999999995,2.295652173913043,5.140000000000001,2,False,False,Normal
202,2019-07-22,66.42,43.31,54.048750000000005,7.434587975776812,23.11,2.448260869565218,8.549999999999997,2,False,False,Normal
203,2019-07-23,65.94,42.0,53.815416666666664,7.165510982820947,23.939999999999998,3.233913043478261,8.950000000000003,2,False,False,Normal
204,2019-07-24,76.05,41.47,59.52583333333333,10.579066251499851,34.58,3.321304347826086,9.520000000000003,2,False,False,Normal
205,2019-07-25,73.14,44.7,62.0925,9.839008544077744,28.439999999999998,2.3182608695652185,9.260000000000005,2,False,False,Normal
206,2019-07-26,73.43,47.16,62.70875,8.267915100477005,26.27000000000001,3.298260869565218,10.46,2,False,False,Normal
207,2019-07-27,59.59,41.2,49.10333333333333,5.29801412070489,18.39,2.638695652173913,6.659999999999997,2,False,False,Normal
208,2019-07-28,47.77,30.2,36.974583333333335,4.616517583790758,17.570000000000004,1.9895652173913052,4.710000000000001,2,False,False,Normal
209,2019-07-29,63.59,32.46,48.72291666666666,10.12320901139583,31.130000000000003,2.981304347826087,8.689999999999998,2,False,False,Normal
210,2019-07-30,64.5,39.74,49.67291666666667,6.9910797070992166,24.759999999999998,2.971304347826087,9.100000000000001,2,False,False,Normal
211,2019-07-31,70.11,40.0,55.001666666666665,9.215461802421196,30.11,3.8760869565217395,18.549999999999997,2,False,False,Normal
212,2019-08-01,94.42,57.46,75.89333333333333,9.092161299792764,36.96,4.5313043478260875,13.0,2,True,False,Spike Event
213,2019-08-02,81.66,47.26,62.22708333333333,8.987477509999879,34.4,4.555217391304348,10.879999999999995,2,False,False,Normal
214,2019-08-03,77.98,39.8,57.87875,11.059588919359408,38.18000000000001,5.246086956521739,13.670000000000002,2,False,False,Normal
215,2019-08-04,76.9,36.3,56.05708333333334,11.806319781174919,40.60000000000001,5.893478260869567,15.019999999999996,2,False,False,Normal
216,2019-08-05,76.0,53.38,62.31583333333333,6.576347550232521,22.619999999999997,4.003478260869565,9.21,2,False,False,Normal
217,2019-08-06,63.48,33.8,47.63916666666666,7.788694659103902,29.68,3.9852173913043485,9.670000000000002,2,False,False,Normal
218,2019-08-07,62.06,36.72,51.590833333333336,8.105357818277911,25.340000000000003,2.5621739130434786,9.100000000000001,2,False,False,Normal
219,2019-08-08,64.33,40.01,49.725,7.130261291632761,24.32,2.591739130434782,7.43,2,False,False,Normal
220,2019-08-09,52.59,32.2,38.52125,5.424019296249506,20.39,2.1839130434782614,10.68,2,False,False,Normal
221,2019-08-10,99.61,40.0,60.374583333333334,15.664510700019152,59.61,7.097391304347826,19.179999999999993,2,True,True,Spike + High Vol
222,2019-08-11,69.69,31.82,50.13291666666667,11.336005538017835,37.87,5.02608695652174,17.36,2,False,False,Normal
223,2019-08-12,63.88,40.22,48.74875,7.8026959178835416,23.660000000000004,2.4043478260869575,9.520000000000003,2,False,False,Normal
224,2019-08-13,65.99,41.33,48.83041666666667,7.751967760940869,24.659999999999997,3.014782608695651,10.450000000000003,2,False,False,Normal
225,2019-08-14,58.56,33.13,40.06041666666667,6.004969303883223,25.43,2.6613043478260874,10.830000000000005,2,False,False,Normal
226,2019-08-15,58.23,20.0,37.40833333333333,10.331992386111533,38.23,3.3717391304347832,13.43,2,False,False,Normal
227,2019-08-16,63.0,33.9,42.512499999999996,8.466692927609623,29.1,3.0139130434782606,18.630000000000003,2,False,False,Normal
228,2019-08-17,63.39,31.5,41.0075,10.105668770761673,31.89,2.586956521739131,17.340000000000003,2,False,False,Normal
229,2019-08-18,63.03,31.14,39.135416666666664,9.267607439081972,31.89,3.1391304347826092,12.899999999999999,2,False,False,Normal
230,2019-08-19,69.82,35.93,46.64541666666667,10.329407146238047,33.88999999999999,3.23695652173913,12.729999999999997,2,False,False,Normal
231,2019-08-20,65.78,39.72,46.58416666666667,7.812340804175126,26.060000000000002,2.5678260869565217,9.030000000000001,2,False,False,Normal
232,2019-08-21,66.96,39.51,46.013749999999995,8.001485629719564,27.449999999999996,2.837391304347825,10.920000000000002,2,False,False,Normal
233,2019-08-22,65.91,37.82,45.82333333333333,8.562975745801712,28.089999999999996,2.7899999999999996,13.439999999999998,2,False,False,Normal
234,2019-08-23,66.59,37.11,47.2425,9.071801148997727,29.480000000000004,2.747391304347827,14.839999999999996,2,False,False,Normal
235,2019-08-24,61.83,35.28,44.90208333333334,7.414264148404671,26.549999999999997,3.25,11.280000000000001,2,False,False,Normal
236,2019-08-25,64.91,35.6,44.34041666666667,8.257985057515237,29.309999999999995,3.1995652173913056,11.659999999999997,2,False,False,Normal
237,2019-08-26,75.06,39.95,53.022083333333335,10.587471258281065,35.11,4.174347826086956,10.71,2,False,False,Normal
238,2019-08-27,87.49,49.36,62.232499999999995,10.587108341916514,38.129999999999995,4.888260869565218,12.189999999999998,2,True,False,Spike Event
239,2019-08-28,90.01,49.31,69.8625,12.536981208651746,40.7,4.68695652173913,13.780000000000001,2,True,True,Spike + High Vol
240,2019-08-29,87.57,46.42,65.42916666666666,13.083508011388153,41.14999999999999,4.346521739130435,13.109999999999992,2,True,True,Spike + High Vol
241,2019-08-30,76.14,43.95,59.98708333333334,10.180538329990506,32.19,3.4556521739130437,12.189999999999998,2,False,False,Normal
242,2019-08-31,71.76,42.85,50.19625,7.565628691655442,28.910000000000004,3.701304347826087,14.93,2,False,False,Normal
243,2019-09-01,85.25,60.13,70.68666666666667,8.141109670472854,25.119999999999997,3.7026086956521724,8.480000000000004,2,False,False,Normal
244,2019-09-02,83.05,51.72,65.46916666666667,10.385934852174993,31.33,5.136086956521739,15.57,2,False,False,Normal
245,2019-09-03,71.04,39.35,53.419999999999995,8.065831852838297,31.690000000000005,3.9226086956521753,11.870000000000005,2,False,False,Normal
246,2019-09-04,75.73,42.45,57.55916666666667,9.839661056669835,33.28,4.979565217391304,11.909999999999997,2,False,False,Normal
247,2019-09-05,75.96,41.47,56.43333333333334,8.20276287848062,34.489999999999995,4.290434782608694,10.579999999999998,2,False,False,Normal
248,2019-09-06,60.88,27.8,40.038333333333334,10.703880509937251,33.08,3.41,12.649999999999999,2,False,False,Normal
249,2019-09-07,65.56,45.52,55.059583333333336,5.674238871898353,20.04,2.9730434782608692,8.329999999999998,2,False,False,Normal
250,2019-09-08,65.31,40.24,49.725,7.2073308090654695,25.07,2.9391304347826086,13.43,2,False,False,Normal
251,2019-09-09,60.78,34.05,45.70041666666666,7.425399698898768,26.730000000000004,2.957391304347826,7.259999999999998,2,False,False,Normal
252,2019-09-10,75.94,42.63,58.37291666666667,11.229998443287151,33.309999999999995,4.927391304347827,12.64,2,False,False,Normal
253,2019-09-11,57.37,36.2,43.3375,5.72188115160071,21.169999999999995,2.6282608695652177,8.850000000000001,2,False,False,Normal
254,2019-09-12,59.72,27.86,47.44625,8.502600529300992,31.86,3.1147826086956516,9.79,2,False,False,Normal
255,2019-09-13,60.7,40.25,48.7425,5.734997251809357,20.450000000000003,2.4260869565217393,7.799999999999997,2,False,False,Normal
256,2019-09-14,57.09,37.61,44.49875,5.1503687605418325,19.480000000000004,3.16608695652174,8.409999999999997,2,False,False,Normal
257,2019-09-15,64.76,36.46,43.400416666666665,7.786115557260534,28.300000000000004,2.9543478260869573,8.259999999999998,2,False,False,Normal
258,2019-09-16,74.3,39.78,53.97875,9.554586566488455,34.519999999999996,3.8065217391304342,15.649999999999999,2,False,False,Normal
259,2019-09-17,73.84,40.4,50.88041666666667,7.7291832512810865,33.440000000000005,3.728695652173914,14.720000000000006,2,False,False,Normal
260,2019-09-18,74.19,42.66,57.23791666666667,9.434271465233026,31.53,3.6956521739130435,8.639999999999993,2,False,False,Normal
261,2019-09-19,74.7,41.55,61.6675,12.308918735404124,33.150000000000006,3.3104347826086964,13.32,2,False,False,Normal
262,2019-09-20,74.2,39.77,54.034166666666664,10.732526716022882,34.43,5.208695652173912,17.279999999999994,2,False,False,Normal
263,2019-09-21,61.68,33.35,43.8325,7.050228025914573,28.33,3.3413043478260875,9.670000000000002,2,False,False,Normal
264,2019-09-22,61.95,37.79,45.58625,6.488802939445499,24.160000000000004,2.8043478260869565,11.68,2,False,False,Normal
265,2019-09-23,72.77,31.9,52.0225,11.839374340842877,40.87,5.364782608695651,13.909999999999997,2,False,False,Normal
266,2019-09-24,75.27,38.92,55.030833333333334,11.847391904024121,36.349999999999994,5.0260869565217385,14.030000000000001,2,False,False,Normal
267,2019-09-25,75.03,41.02,60.23166666666666,13.318747710641194,34.01,5.376086956521741,20.070000000000007,2,False,True,High Volatility
268,2019-09-26,78.03,39.29,56.31791666666667,12.616121838886277,38.74,5.697391304347827,15.329999999999998,2,False,True,High Volatility
269,2019-09-27,94.09,42.0,62.73375000000001,13.492568264402637,52.09,5.985652173913044,21.099999999999994,2,True,True,Spike + High Vol
270,2019-09-28,75.05,39.0,52.72541666666667,10.124099521596397,36.05,5.017391304347824,13.309999999999995,2,False,False,Normal
271,2019-09-29,70.09,36.44,45.0025,9.407756859657606,33.650000000000006,3.9091304347826092,14.830000000000005,2,False,False,Normal
272,2019-09-30,80.02,30.5,56.165,14.614703435983195,49.519999999999996,6.006086956521739,15.32,2,False,True,High Volatility
273,2019-10-01,88.7,53.55,71.68333333333334,11.26889550031863,35.150000000000006,4.318695652173914,11.75,2,True,False,Spike Event
274,2019-10-02,68.07,40.95,51.38708333333333,8.039654156073837,27.11999999999999,3.488260869565216,11.949999999999996,2,False,False,Normal
275,2019-10-03,61.19,32.68,44.23833333333334,9.005228754869934,28.509999999999998,4.206086956521738,8.540000000000006,2,False,False,Normal
276,2019-10-04,78.06,42.24,60.971666666666664,11.136916936054599,35.82,4.972173913043479,16.340000000000003,2,False,False,Normal
277,2019-10-05,71.04,42.19,55.54958333333334,7.4223068482295576,28.85000000000001,3.8500000000000005,10.009999999999998,2,False,False,Normal
278,2019-10-06,62.06,36.69,51.21125,8.369927178790796,25.370000000000005,3.826956521739131,11.369999999999997,2,False,False,Normal
279,2019-10-07,60.08,44.31,51.94125,4.434693570610868,15.769999999999996,2.958260869565217,13.229999999999997,2,False,False,Normal
280,2019-10-08,66.25,41.56,51.675000000000004,6.8930961050201125,24.689999999999998,2.821739130434782,9.239999999999995,2,False,False,Normal
281,2019-10-09,59.89,42.71,50.64625,6.221546580057574,17.18,2.726521739130435,9.330000000000005,2,False,False,Normal
282,2019-10-10,76.87,37.57,56.064166666666665,12.462543154752083,39.300000000000004,5.407826086956523,18.879999999999995,2,False,True,High Volatility
283,2019-10-11,56.0,33.86,41.5525,6.743641933090691,22.14,1.9473913043478266,7.300000000000004,2,False,False,Normal
284,2019-10-12,59.44,35.41,48.82583333333333,8.004803403971389,24.03,2.925217391304348,8.729999999999997,2,False,False,Normal
285,2019-10-13,71.02,37.77,45.81916666666667,9.478496448674557,33.24999999999999,3.574347826086956,11.419999999999995,2,False,False,Normal
286,2019-10-14,77.92,39.29,60.59125,13.85655309183913,38.63,5.3539130434782605,24.639999999999993,2,False,True,High Volatility
287,2019-10-15,76.81,40.89,59.155833333333334,12.857105941400878,35.92,5.283913043478261,16.71,2,False,True,High Volatility
288,2019-10-16,76.4,39.83,57.93416666666667,13.899636816233308,36.57000000000001,5.489565217391305,21.650000000000006,2,False,True,High Volatility
289,2019-10-17,81.02,43.61,60.94166666666666,12.680989766152926,37.41,5.116086956521738,14.669999999999995,2,False,True,High Volatility
290,2019-10-18,77.69,45.64,62.54333333333333,11.468315393771416,32.05,5.270434782608696,17.029999999999994,2,False,False,Normal
291,2019-10-19,74.62,42.6,53.147083333333335,10.151869598284826,32.02,4.992173913043479,14.260000000000005,2,False,False,Normal
292,2019-10-20,65.4,36.78,43.75416666666666,7.7598621215152725,28.620000000000005,3.1504347826086967,15.530000000000008,2,False,False,Normal
293,2019-10-21,74.22,33.4,51.33416666666667,11.855315049695484,40.82,4.7013043478260865,15.780000000000001,2,False,False,Normal
294,2019-10-22,66.21,40.8,49.91,7.451706545133308,25.409999999999997,3.7373913043478253,10.039999999999992,2,False,False,Normal
295,2019-10-23,68.59,38.07,49.567499999999995,8.571769768053837,30.520000000000003,4.783478260869566,14.020000000000003,2,False,False,Normal
296,2019-10-24,66.19,30.38,46.905,9.51548303510149,35.81,4.384347826086956,9.75,3,False,False,Normal
297,2019-10-25,58.56,29.99,43.31666666666666,6.8566056164628675,28.570000000000004,3.4191304347826086,10.370000000000005,2,False,False,Normal
298,2019-10-26,65.35,30.84,40.287083333333335,9.708924392656419,34.50999999999999,4.062608695652173,16.82,2,False,False,Normal
299,2019-10-27,63.58,33.83,40.90708333333333,9.668186053131738,29.75,2.888260869565218,11.549999999999997,2,False,False,Normal
300,2019-10-28,64.29,30.78,49.138749999999995,10.55737422579489,33.510000000000005,3.260869565217391,8.909999999999997,2,False,False,Normal
301,2019-10-29,66.7,35.83,49.60791666666666,9.111461000189324,30.870000000000005,3.5652173913043477,8.649999999999999,2,False,False,Normal
302,2019-10-30,67.25,35.58,50.06791666666667,9.496477598318354,31.67,3.112173913043479,10.100000000000001,2,False,False,Normal
303,2019-10-31,62.03,33.16,48.17250000000001,9.347519201231481,28.870000000000005,3.9239130434782608,21.659999999999997,2,False,False,Normal
304,2019-11-01,83.1,30.0,69.14416666666666,11.645627623860518,53.099999999999994,4.477391304347826,34.47,2,False,False,Normal
305,2019-11-02,73.97,18.72,51.04666666666666,16.990983968913753,55.25,5.785652173913043,22.11,2,False,True,High Volatility
306,2019-11-03,62.92,23.2,48.41,12.095639530515694,39.72,4.376521739130435,16.1,2,False,False,Normal
307,2019-11-04,75.08,46.19,61.62291666666667,9.069158188807995,28.89,4.967391304347826,12.46,2,False,False,Normal
308,2019-11-05,63.53,40.0,52.622083333333336,6.4644210064997605,23.53,3.106086956521739,7.07,2,False,False,Normal
309,2019-11-06,58.79,37.56,49.11708333333333,6.700502563349206,21.229999999999997,2.9904347826086957,9.439999999999998,2,False,False,Normal
310,2019-11-07,63.93,42.0,53.70541666666667,7.514029185560124,21.93,2.5034782608695654,8.399999999999999,2,False,False,Normal
311,2019-11-08,68.27,43.26,53.15291666666667,8.073509812244355,25.009999999999998,3.212608695652173,16.510000000000005,2,False,False,Normal
312,2019-11-09,59.26,41.64,48.51416666666666,5.754092620392719,17.619999999999997,2.6643478260869564,6.100000000000001,2,False,False,Normal
313,2019-11-10,78.09,41.83,59.0825,12.209490339396897,36.260000000000005,5.36913043478261,20.310000000000002,2,False,False,Normal
314,2019-11-11,58.7,34.75,47.02458333333333,7.025052671420472,23.950000000000003,2.2473913043478264,8.410000000000004,2,False,False,Normal
315,2019-11-12,70.72,32.85,51.18375,10.374085108954237,37.87,3.898695652173913,8.439999999999998,2,False,False,Normal
316,2019-11-13,80.15,36.32,54.74333333333333,12.37619196426073,43.830000000000005,5.035652173913045,13.57,2,False,False,Normal
317,2019-11-14,78.89,40.36,55.165,10.065984908289554,38.53,3.779130434782609,11.64,2,False,False,Normal
318,2019-11-15,70.73,37.57,55.07375,10.170517840905346,33.160000000000004,4.178695652173913,10.759999999999998,2,False,False,Normal
319,2019-11-16,57.8,37.19,46.84833333333333,5.240163179227107,20.61,2.4565217391304346,6.150000000000006,2,False,False,Normal
320,2019-11-17,56.65,32.23,42.49791666666667,6.60103086756097,24.42,2.273913043478261,6.909999999999997,2,False,False,Normal
321,2019-11-18,85.0,35.68,56.74791666666667,12.880968428069666,49.32,4.669130434782609,11.349999999999994,2,False,True,High Volatility
322,2019-11-19,79.95,43.64,61.050000000000004,11.670578764382348,36.31,3.7552173913043476,10.669999999999995,2,False,False,Normal
323,2019-11-20,75.75,42.4,57.805416666666666,9.958955759457947,33.35,4.546956521739131,11.700000000000003,2,False,False,Normal
324,2019-11-21,70.32,41.27,56.0025,9.310281950617822,29.04999999999999,3.5704347826086944,9.439999999999998,2,False,False,Normal
325,2019-11-22,69.93,41.45,52.02708333333334,7.66099010468347,28.480000000000004,2.994347826086957,9.0,2,False,False,Normal
326,2019-11-23,54.38,32.09,44.8125,5.268814939772053,22.29,2.2378260869565207,7.009999999999998,2,False,False,Normal
327,2019-11-24,51.8,30.0,42.01791666666667,6.647584706307715,21.799999999999997,1.9908695652173907,7.019999999999996,2,False,False,Normal
328,2019-11-25,67.11,35.38,52.060833333333335,10.201686952002923,31.729999999999997,3.365652173913044,12.159999999999997,2,False,False,Normal
329,2019-11-26,74.53,35.91,52.189166666666665,11.119407990444948,38.620000000000005,3.640434782608695,9.479999999999997,2,False,False,Normal
330,2019-11-27,64.01,30.23,47.20875,9.57485897841435,33.78,3.88304347826087,10.400000000000006,2,False,False,Normal
331,2019-11-28,75.08,29.55,51.39625,12.507268777899066,45.53,4.566956521739131,10.0,2,False,True,High Volatility
332,2019-11-29,67.21,29.82,49.068333333333335,9.679758650722231,37.38999999999999,3.416521739130434,8.399999999999999,2,False,False,Normal
333,2019-11-30,67.93,35.39,51.209583333333335,10.839198782826296,32.540000000000006,4.345652173913043,17.039999999999992,2,False,False,Normal
334,2019-12-01,83.5,47.52,65.64333333333333,9.337544443368614,35.98,4.363478260869565,16.840000000000003,2,False,False,Normal
335,2019-12-02,79.74,37.33,57.46291666666667,12.26717907375352,42.41,6.1695652173913045,13.549999999999997,2,False,False,Normal
336,2019-12-03,74.52,32.17,51.42416666666667,11.628896884641424,42.349999999999994,4.794347826086957,11.339999999999996,2,False,False,Normal
337,2019-12-04,74.88,49.8,61.06333333333333,7.512832307150369,25.08,3.6739130434782603,13.259999999999998,2,False,False,Normal
338,2019-12-05,56.73,35.51,45.18625,6.560525437930954,21.22,3.6986956521739134,7.280000000000001,2,False,False,Normal
339,2019-12-06,61.81,39.97,51.64625,7.2265505707892155,21.840000000000003,3.841739130434783,12.969999999999999,2,False,False,Normal
340,2019-12-07,62.39,48.04,55.930416666666666,4.736715500416302,14.350000000000001,3.20304347826087,14.350000000000001,2,False,False,Normal
341,2019-12-08,73.66,45.67,58.14833333333333,8.485222790068711,27.989999999999995,3.4469565217391307,14.649999999999999,2,False,False,Normal
342,2019-12-09,59.55,42.03,49.018750000000004,5.978678283846617,17.519999999999996,3.412173913043478,14.869999999999997,2,False,False,Normal
343,2019-12-10,66.34,38.13,47.942499999999995,8.635196556258427,28.21,4.744782608695652,13.229999999999997,2,False,False,Normal
344,2019-12-11,65.0,32.53,50.785,9.531767480606511,32.47,3.369130434782609,8.0,2,False,False,Normal
345,2019-12-12,68.28,41.82,52.421666666666674,7.84783751253735,26.46,3.3956521739130445,10.96,2,False,False,Normal
346,2019-12-13,58.61,35.85,47.88791666666666,7.367167457074643,22.759999999999998,2.7295652173913036,5.859999999999999,2,False,False,Normal
347,2019-12-14,53.06,29.03,41.9475,6.864984404174946,24.03,2.4013043478260876,8.93,2,False,False,Normal
348,2019-12-15,52.6,28.8,40.85166666666667,7.643835064465582,23.8,2.2834782608695647,8.259999999999998,2,False,False,Normal
349,2019-12-16,65.0,30.0,48.173750000000005,9.740931485009641,35.0,3.4460869565217394,9.799999999999997,2,False,False,Normal
350,2019-12-17,60.77,31.49,46.48041666666666,7.854437947492773,29.280000000000005,3.112608695652174,6.059999999999995,2,False,False,Normal
351,2019-12-18,56.03,29.06,44.04416666666666,8.00406685578551,26.970000000000002,2.704347826086956,8.990000000000002,2,False,False,Normal
352,2019-12-19,76.09,32.46,49.787083333333335,10.82344615985881,43.63,4.833913043478261,16.810000000000002,2,False,False,Normal
353,2019-12-20,51.0,26.09,40.65083333333333,7.486087918188014,24.91,2.8843478260869566,10.100000000000001,2,False,False,Normal
354,2019-12-21,45.94,9.65,29.9075,11.644503181665849,36.29,3.1030434782608696,8.88,2,False,False,Normal
355,2019-12-22,40.0,6.76,26.315833333333334,12.530242690549054,33.24,3.159565217391304,10.160000000000002,2,False,True,High Volatility
356,2019-12-23,49.99,1.0,28.32625,16.24482119818096,48.99,4.757391304347825,21.99,2,False,True,High Volatility
357,2019-12-24,48.83,2.0,27.754166666666666,15.629052355668655,46.83,4.062608695652173,17.0,2,False,True,High Volatility
358,2019-12-25,44.29,9.5,22.590833333333336,13.959443092375691,34.79,3.6091304347826094,16.769999999999996,2,False,True,High Volatility
359,2019-12-26,50.77,21.74,34.91916666666666,8.838199165709815,29.030000000000005,2.6952173913043485,6.829999999999998,2,False,False,Normal
360,2019-12-27,60.78,34.86,45.98833333333334,8.152140645342747,25.92,2.4286956521739134,8.309999999999995,2,False,False,Normal
361,2019-12-28,44.25,27.37,34.92916666666667,5.155054013689669,16.88,2.278260869565217,6.09,2,False,False,Normal
362,2019-12-29,43.98,20.0,30.88083333333333,6.9040309061897425,23.979999999999997,2.34,5.990000000000002,2,False,False,Normal
363,2019-12-30,53.78,15.07,37.54833333333333,10.777414655967668,38.71,3.2908695652173914,10.990000000000002,2,False,False,Normal
