day_index,date,price_max,price_min,price_mean,price_std,price_range,abs_change_mean,abs_change_max,is_spike,is_high_vol,stress_regime
0,2023-01-01,49.867567662334615,16.558984769637878,26.970274658509044,6.732139421076972,33.308582892696734,6.066247921487161,30.83505892375904,False,False,Normal
1,2023-01-02,71.26457744157214,17.228086029823555,33.87592936450041,13.66898666429561,54.036491411748585,7.7880347901536116,41.573348539108636,False,False,Normal
2,2023-01-03,75.32699014386944,23.27871175166839,38.94026366028729,11.94702238214995,52.04827839220105,7.152259564159414,30.847244267100542,False,False,Normal
3,2023-01-04,35.11435571616427,17.702059010092405,28.76018208935956,4.452829855505182,17.412296706071864,2.7023341501827267,10.479550286639885,False,False,Normal
4,2023-01-05,59.73872416319726,20.8461395649205,32.1867836466578,10.281034133992213,38.89258459827676,6.977254505033493,32.31766424943425,False,False,Normal
5,2023-01-06,62.337172987368405,29.05667287171083,39.898325304367845,8.838361086427698,33.280500115657574,5.958689766616917,22.1443545936571,False,False,Normal
6,2023-01-07,49.52932887484183,28.96060293271224,37.34818598436183,5.243294090774726,20.56872594212959,4.653043234086675,18.737104163584547,False,False,Normal
7,2023-01-08,364.04669466080384,28.841761102705657,48.04368412462757,67.4098574766576,335.20493355809816,29.8447731490708,326.1180668925923,True,True,Spike + High Vol
8,2023-01-09,50.43696021405679,22.312201334776898,35.136513458471335,6.236785399060175,28.12475887927989,3.189051751033264,12.576869478907511,False,False,Normal
9,2023-01-10,100.09137201445742,18.803040075487974,52.14847999454185,19.12383991281663,81.28833193896945,10.164564548839065,39.673720277688076,False,False,Normal
10,2023-01-11,999.6680430592278,36.00039945315773,93.67950387871808,194.40670012632637,963.6676436060701,87.83537387404907,941.7556658616576,True,True,Spike + High Vol
11,2023-01-12,206.86448573847133,27.10354847265799,50.072467572497175,34.70768726428639,179.76093726581334,19.952128303567303,158.5057202373057,False,True,High Vol
12,2023-01-13,54.52594576735973,19.797937688268338,33.09811793488344,6.849721013585079,34.728008079091396,4.263757595305122,23.591508151981014,False,False,Normal
13,2023-01-14,138.95571200950104,26.40164316107026,57.399310530550174,32.448778719348205,112.55406884843077,21.2860070722756,92.02067024077257,False,True,High Vol
14,2023-01-15,82.03231651270474,35.741713972555615,49.78693339057612,11.885481858890536,46.29060254014912,9.120961513836239,35.59135164773204,False,False,Normal
15,2023-01-16,82.24727693900228,30.146960111836243,43.34625636107163,11.409325564169672,52.10031682716603,8.993049780884132,40.32914350350846,False,False,Normal
16,2023-01-17,77.39618774726118,30.05701880400081,47.99532130015961,12.618742316222228,47.339168943260375,8.04903031106507,24.845913191102397,False,False,Normal
17,2023-01-18,47.424731578565726,27.87073489713323,35.07784520754816,5.7537984591980145,19.553996681432498,2.150677771728509,8.355084343589361,False,False,Normal
18,2023-01-19,27.471810504177228,18.80860349007566,23.797900009234127,2.4785930715471483,8.663207014101566,2.3981101948365597,7.268289053577405,False,False,Normal
19,2023-01-20,57.324817776334235,19.661902552292517,30.314227465894643,7.515277878498194,37.66291522404172,4.577992560400509,22.290300059970598,False,False,Normal
20,2023-01-21,44.24191723009631,27.59206236998837,33.459315187196445,4.336809684651994,16.649854860107943,2.018202159932833,9.40477347096541,False,False,Normal
21,2023-01-22,68.48464382403442,26.10043854350499,35.706153621227806,11.991471748609355,42.38420528052943,7.184624697907055,34.90628137320298,False,False,Normal
22,2023-01-23,59.01957369875334,27.570741950603058,34.876980711188764,7.196704694416909,31.448831748150283,5.025034386963963,24.950796629482795,False,False,Normal
23,2023-01-24,69.98304709910602,16.448471117962665,33.73428159300983,8.938725725995088,53.53457598114335,5.782812331391869,38.0644020415427,False,False,Normal
24,2023-01-25,33.87677028700967,27.20003999119844,30.221480036393984,1.7756586811142971,6.676730295811229,1.4549787927141296,4.7887323946070595,False,False,Normal
25,2023-01-26,68.68073640428838,7.521671802234863,33.71126002857403,13.428248366701133,61.15906460205352,8.977694529069929,31.044084078202857,False,False,Normal
26,2023-01-27,37.71693907938107,21.983728787014226,28.598795242560087,3.920085144056371,15.733210292366845,4.061206674081862,11.961338386205423,False,False,Normal
27,2023-01-28,244.8531847404814,19.242774670417777,41.508608864908275,56.44830290209401,225.6104100700636,21.448645711045128,216.51786475598644,False,True,High Vol
28,2023-01-29,52.271387610607974,17.050108803084598,28.96945421703893,7.525411611322743,35.221278807523376,4.031781819082668,18.893234620286982,False,False,Normal
29,2023-01-30,100.78606448494614,21.16077647248168,38.57324655440885,18.44533074139003,79.62528801246447,12.46874051054647,58.7449743787204,False,False,Normal
30,2023-01-31,68.93880209748606,18.60995689743692,37.08527044311136,13.965341700253969,50.328845200049145,7.831325295762676,41.87503555368022,False,False,Normal
31,2023-02-01,139.5278984763169,25.72002128280514,43.776470965463794,23.391165023845247,113.80787719351176,13.098012895643919,92.01253420295387,False,False,Normal
32,2023-02-02,91.92111532979604,16.530085602608306,40.68893419334473,17.59031690300433,75.39102972718773,15.05147675006746,62.31592263498969,False,False,Normal
33,2023-02-03,204.2621460365309,4.81370798663225,97.64676156242949,71.14736741559895,199.44843804989867,19.925710006482507,91.44155191341271,False,True,High Vol
34,2023-02-04,259.77075196071036,132.66862152021878,175.63929538483902,30.296583821120446,127.10213044049158,17.07106482358414,73.38963556220739,True,True,Spike + High Vol
35,2023-02-05,253.6850019473189,4.607331891412725,85.02871566615273,69.65545913735927,249.0776700559062,51.084474686912415,249.0776700559062,True,True,Spike + High Vol
36,2023-02-06,597.0242942811554,19.57353398796475,66.16222801936584,114.0814491993454,577.4507602931907,62.558432858819245,555.3727226813478,True,True,Spike + High Vol
37,2023-02-07,253.54546822091012,21.0307632535765,43.54834785926107,47.833786690971756,232.5147049673336,31.33721465820641,221.89694754267896,True,True,Spike + High Vol
38,2023-02-08,128.4784297460384,12.440885897066371,30.155943876319807,22.065084149861956,116.03754384897202,13.654392526745914,102.74946510188465,False,False,Normal
39,2023-02-09,35.29977117719159,21.41703666576192,26.979046349379917,3.766305261945017,13.882734511429668,2.6001368817126407,12.136197160804315,False,False,Normal
40,2023-02-10,33.103570690100675,18.575362141200536,24.43016111961279,3.9061333697157674,14.528208548900139,2.3050005487116523,8.24765327293682,False,False,Normal
41,2023-02-11,49.59911951180798,19.279292712559325,25.72557946289091,7.606290903271666,30.319826799248652,5.849528807526354,26.757338758195413,False,False,Normal
42,2023-02-12,40.42084057743086,17.352558547205756,23.90488922355959,5.506738110632358,23.068282030225102,2.2051966797217326,9.598230211057352,False,False,Normal
43,2023-02-13,52.694698474850114,18.345510124060574,26.39015457584334,9.817753213271624,34.34918835078954,6.810674208789417,27.8377203488604,False,False,Normal
44,2023-02-14,35.74079132918212,12.003032923443424,19.974157383804577,5.777835155560619,23.7377584057387,4.098273549740108,15.745853322200848,False,False,Normal
45,2023-02-15,33.94428041696716,12.391167687967853,19.45058629592993,5.648922529683265,21.55311272899931,4.503161924832807,14.183521155995223,False,False,Normal
46,2023-02-16,256.3283449548227,10.549378807516302,33.90784606740474,48.12609740818828,245.7789661473064,26.331099700602067,231.18885539468837,True,True,Spike + High Vol
47,2023-02-17,129.9803837251949,11.075050505189454,35.423079550152906,29.735745099737148,118.90533322000546,13.12633087783883,99.9763508885441,False,True,High Vol
48,2023-02-18,77.82885555935397,13.06049876871839,25.17836077378062,13.685735695618396,64.76835679063558,6.381585061833965,40.13263114173827,False,False,Normal
49,2023-02-19,24.623672366508217,9.502991451005323,14.920616616229495,3.1285839568398077,15.120680915502893,2.591762549922464,9.456094942387763,False,False,Normal
50,2023-02-20,277.1696638825157,-0.8541339870116288,40.09731999169861,72.30284956816716,278.0237978695273,47.431218770957024,251.35058783268303,True,True,Spike + High Vol
51,2023-02-21,34.54786414061186,11.910980845126469,22.028916414809043,5.49134585457015,22.63688329548539,3.8568103633428765,14.251827607200674,False,False,Normal
52,2023-02-22,48.42110938192327,18.374590151193157,25.544498668585405,6.380732009288845,30.046519230730116,3.7743574420509356,23.82118426700696,False,False,Normal
53,2023-02-23,56.99394111441387,23.235424639888485,34.75973655595216,7.762644443491854,33.758516474525386,5.078158435541284,21.67374439498866,False,False,Normal
54,2023-02-24,80.18334462333576,15.382518438753564,41.851668420573255,15.19357982353256,64.80082618458219,11.2431326905794,38.97745732340023,False,False,Normal
55,2023-02-25,163.678535479534,26.47306288220754,51.85675912356144,26.66465616142614,137.20547259732646,21.713829037527073,125.27606195196282,False,False,Normal
56,2023-02-26,76.65365932940261,28.40939275527693,49.750107307891255,12.715898669948068,48.24426657412569,11.125485814078,25.439433435866754,False,False,Normal
57,2023-02-27,411.2528045454944,17.51382319574943,62.67735147522032,76.87052775231099,393.738981349745,45.24905379571325,368.6373095970409,True,True,Spike + High Vol
58,2023-02-28,48.02209565007084,16.821552323882642,38.99652228111347,7.02531784130666,31.200543326188196,6.091477481322917,16.090511991032145,False,False,Normal
59,2023-03-01,44.34876021682498,19.21704264293596,29.077141734852045,6.596458935800185,25.131717573889016,5.31013719589709,25.131717573889016,False,False,Normal
60,2023-03-02,84.96164082856362,19.6215863892087,30.143814053821814,12.806036874428953,65.34005443935492,9.24402578052908,59.09799044310508,False,False,Normal
61,2023-03-03,34.8438412029409,24.466117274948207,27.7093398435303,3.2616956384539,10.377723927992694,2.016223237454847,6.092033097308551,False,False,Normal
62,2023-03-04,145.58632247231097,24.41523016882845,36.87385724933991,28.007413310206584,121.17109230348251,20.049529711810813,117.0714825657704,False,True,High Vol
63,2023-03-05,45.41342981919312,19.020992383799207,28.585612332809387,4.95824816034229,26.392437435393912,3.1537333488787995,17.36031521651747,False,False,Normal
64,2023-03-06,547.8771699309452,18.104134380202854,52.83090007393502,107.43615643295534,529.7730355507424,48.46094838503087,516.1560952784806,True,True,Spike + High Vol
65,2023-03-07,55.73677520704581,17.423010398612593,28.184938591220632,9.191315281211002,38.31376480843322,7.395014248163356,24.11401299468215,False,False,Normal
66,2023-03-08,47.6241553584731,-3.018721153835634,27.76019217629269,10.355994419559137,50.64287651230873,7.750114911827909,22.469496300229185,False,False,Normal
67,2023-03-09,299.43442656032124,-5.360765542769876,45.39847144007887,70.09650109180036,304.7951921030911,28.876921767012558,270.2087449299183,True,True,Spike + High Vol
68,2023-03-10,68.3981302060041,14.824804460430908,29.13259809813017,10.424698640432938,53.573325745573186,6.210998741912886,36.489216715893534,False,False,Normal
69,2023-03-11,52.255433113535155,21.54075654029624,33.417591470440954,9.663111997437651,30.714676573238915,9.581223782703042,27.04588477041234,False,False,Normal
70,2023-03-12,42.943485571696115,5.208116850299386,22.852691489584448,7.297543789475147,37.73536872139673,7.109046520807794,26.539091031062625,False,False,Normal
71,2023-03-13,38.5764356900825,23.494195636237528,28.256624318699398,3.4824214554239203,15.08224005384497,3.5050934768249955,13.357578273322307,False,False,Normal
72,2023-03-14,36.03322009617428,15.406344346963758,26.9406522350958,5.672587470546954,20.626875749210527,4.338036862291218,10.99663494094535,False,False,Normal
73,2023-03-15,42.49232438183248,14.619776067075076,26.175201016292277,7.460447539433876,27.872548314757406,5.900736423789908,18.158663088424845,False,False,Normal
74,2023-03-16,45.95471860276615,14.795476887365291,25.05940211671259,7.172163382046508,31.15924171540086,4.497792786104809,13.59690001085108,False,False,Normal
75,2023-03-17,60.49583126310178,12.552007189941833,27.09793725627797,10.838642509289059,47.943824073159945,7.893546043096402,40.02869324100915,False,False,Normal
76,2023-03-18,39.99461795251605,17.00545208895489,24.69506196590981,7.013248329572424,22.989165863561162,3.1546041461796284,13.252750202204535,False,False,Normal
77,2023-03-19,50.465422688236586,12.25759236944171,21.743841100108543,9.941108341324243,38.207830318794876,5.361454325306337,27.378206149189364,False,False,Normal
78,2023-03-20,61.267396026212275,18.751860625709217,31.078119139743922,9.952682302399616,42.515535400503055,7.17461454453359,31.24590086949347,False,False,Normal
79,2023-03-21,144.70304512663495,11.885101723153609,31.227992019107287,26.344430309219714,132.81794340348134,13.80406485693212,103.21069598980984,False,False,Normal
80,2023-03-22,44.599037671713226,11.907398337527336,24.300081940440702,8.079999176788723,32.69163933418589,6.135256195889761,15.713600363150814,False,False,Normal
81,2023-03-23,33.39282155114559,13.858787981568051,23.993455797577806,6.108079299164833,19.534033569577538,4.824988858355055,15.067351906411467,False,False,Normal
82,2023-03-24,56.90884145993855,15.198282359983004,26.971228821359063,9.553341021589072,41.710559099955546,6.287864804615267,28.186246341376805,False,False,Normal
83,2023-03-25,54.006357208328765,12.245025609241678,24.36462032894076,8.714097949253903,41.761331599087086,5.473356013910582,19.990028026896624,False,False,Normal
84,2023-03-26,22.789735930218164,11.134740611537577,18.255904461153296,3.380039536663958,11.654995318680587,2.6210945711001457,5.968051113099971,False,False,Normal
85,2023-03-27,54.62463168924716,18.096490532712284,25.08206336944126,7.90939521154507,36.52814115653487,4.956427758112202,28.071841663901182,False,False,Normal
86,2023-03-28,32.87457873821852,18.4268420574326,23.141357385826883,4.367920066181174,14.447736680785916,2.3692556308537656,9.833484929767977,False,False,Normal
87,2023-03-29,59.07633369109565,10.47692687300719,21.197371303541875,9.991538318148548,48.599406818088454,6.26692148673085,27.786963485704725,False,False,Normal
88,2023-03-30,96.77524988420365,12.6921362332488,28.149655505725566,21.298931024596456,84.08311365095484,9.885206241016784,43.378747217881056,False,False,Normal
89,2023-03-31,56.31408759519566,12.963337377450149,26.971204510142925,10.605068434998495,43.350750217745514,9.106321558185364,31.839758622355202,False,False,Normal
90,2023-04-01,61.85770154932718,15.987524741911574,31.754031324266847,11.608630219564814,45.8701768074156,7.886693504948219,30.575984682350853,False,False,Normal
91,2023-04-02,84.0925715499676,14.091159097787816,23.171707783328316,13.570873703852632,70.00141245217978,8.746254917916719,62.85497522469193,False,False,Normal
92,2023-04-03,95.05645899397167,17.945364964803836,27.406181119064726,15.649211755918056,77.11109402916784,9.0036551996964,70.71143718714961,False,False,Normal
93,2023-04-04,31.246706727372494,13.873721558622336,24.906444287587544,4.078939168313882,17.37298516875016,2.531013166944376,5.630960889115425,False,False,Normal
94,2023-04-05,259.9218279030008,7.443039546461069,36.01785028594553,48.93624134459596,252.47878835653972,26.259254517364763,228.52150853377248,True,True,Spike + High Vol
95,2023-04-06,54.0226153004821,16.991879295864074,24.74228583205567,7.204948263026321,37.03073600461803,4.704629445083546,32.394977275677135,False,False,Normal
96,2023-04-07,35.350828936000575,13.591600621002522,21.530239168217992,6.335534519392034,21.759228314998055,3.1516992121808047,7.820023684267749,False,False,Normal
97,2023-04-08,27.793596365515754,14.623948718048062,21.07037082943147,3.4058410329419067,13.169647647467691,2.1727491947981816,7.616219980126974,False,False,Normal
98,2023-04-09,37.71516330343405,14.70863708266302,23.05478955298244,5.569326433963711,23.006526220771033,3.4496290372737777,16.526972039691188,False,False,Normal
99,2023-04-10,36.56446080681235,18.780398411174396,26.362427919500988,5.014395507960432,17.784062395637953,3.3221482597128187,17.525284736586336,False,False,Normal
100,2023-04-11,71.79864001745365,15.54807009603882,27.892774026891757,12.544300508960983,56.25056992141483,8.989032494297026,44.85433341159488,False,False,Normal
101,2023-04-12,36.79417333582891,14.47558281684488,23.842985994018324,6.0412848151742615,22.318590518984028,3.049595769101706,7.702211151255117,False,False,Normal
102,2023-04-13,111.0552871842399,16.675072186605473,30.960374885178414,19.94221495720257,94.38021499763443,10.92924464759494,86.11719039143968,False,False,Normal
103,2023-04-14,77.40346074496293,15.690858214011346,30.329836279240336,12.767236161195385,61.712602530951585,7.499991521669595,45.099746657669314,False,False,Normal
104,2023-04-15,130.36858076458213,19.516919096122347,42.12082023152873,30.312230219420584,110.85166166845978,20.642865006167494,92.13283501036551,False,True,High Vol
105,2023-04-16,67.54878447996383,15.360424363094795,31.21331990249225,14.203140814129647,52.188360116869035,15.65926015109829,41.740704553619345,False,False,Normal
106,2023-04-17,57.29738425923883,15.558689916377192,30.086187068976724,10.114789846514272,41.73869434286164,10.521694267557862,41.73869434286164,False,False,Normal
107,2023-04-18,81.33827129964787,14.616757976191876,30.554655968560283,15.492925908505633,66.721513323456,9.123314001948446,61.58645698907206,False,False,Normal
108,2023-04-19,126.24591853266824,19.953254918706115,40.31864075960707,30.15704547243738,106.29266361396213,22.319471453183873,93.29701922088479,False,True,High Vol
109,2023-04-20,35.77786671000911,20.62352961754289,26.81845496652379,4.750979579920765,15.154337092466218,3.4511636601885214,8.288487433895291,False,False,Normal
110,2023-04-21,28.579934264725175,13.41072536362523,21.228395203912648,3.587893290011594,15.169208901099944,2.1844940636405004,6.631143640625567,False,False,Normal
111,2023-04-22,32.151635637272,16.588156475626743,22.32861827523593,4.140942182607107,15.563479161645258,1.9396094570057065,5.334626080948492,False,False,Normal
112,2023-04-23,34.17353289747459,20.260445164205446,26.236667359601125,4.005920801022198,13.91308773326914,3.3304776462619494,7.347809763509421,False,False,Normal
113,2023-04-24,28.50495785834045,20.667405417228377,24.109101844243742,2.0775506918703686,7.837552441112074,1.8881626682549426,7.512988810446732,False,False,Normal
114,2023-04-25,235.1072043996534,20.60439777463859,33.02079143348502,43.135836839930256,214.5028066250148,19.997125823616408,206.54282830007605,False,True,High Vol
115,2023-04-26,35.986560017496096,20.231694487882187,23.80834475287595,3.548075779091136,15.754865529613909,2.257098940087685,11.203567749536862,False,False,Normal
116,2023-04-27,56.96152792803488,19.995396230524168,24.69989018790113,7.150785974857084,36.96613169751072,4.158937703896431,34.025251115166526,False,False,Normal
117,2023-04-28,45.00258726188066,15.32883056086376,23.99720499631228,5.528089245453024,29.673756701016902,3.8756641364048803,20.638418338021456,False,False,Normal
118,2023-04-29,24.699814219952437,11.258904131277326,20.571952285628797,3.4460818568437146,13.44091008867511,1.9940866227169556,9.45449316049072,False,False,Normal
119,2023-04-30,33.27276507447424,15.387946565794351,23.881098456348457,5.172846174225748,17.884818508679892,2.2238919219517608,7.408100978559151,False,False,Normal
120,2023-05-01,31.21671332827041,15.852120418338272,21.373114558599173,3.1117893356617503,15.364592909932137,1.996492960778601,6.251131794308574,False,False,Normal
121,2023-05-02,33.211709464909575,13.936482840803048,23.000753954635755,3.9664319521679112,19.275226624106526,3.0249442879321813,8.732581040269348,False,False,Normal
122,2023-05-03,31.584541114746127,18.6297384463267,23.63845617882056,3.8723688313401166,12.954802668419426,2.1963359912913676,7.538275528488104,False,False,Normal
123,2023-05-04,91.30187802126736,19.220469303603476,31.589810592462758,18.114865957011318,72.08140871766388,12.964766466882432,67.56097141454687,False,False,Normal
124,2023-05-05,118.16277525960346,18.467036412063095,30.66815067320726,21.034467212122323,99.69573884754037,12.502679697150224,86.01788713534977,False,False,Normal
125,2023-05-06,58.43037055616162,5.475115678938284,18.98166374885057,10.881414626206164,52.95525487722334,7.927483480155179,45.427679999374924,False,False,Normal
126,2023-05-07,45.64163319881777,3.2760920432496667,15.747473995888143,10.239740893935608,42.3655411555681,4.482332480921913,19.27379233612866,False,False,Normal
127,2023-05-08,36.31486163466795,11.617086112196032,19.86076737777901,5.379763094321895,24.697775522471915,3.3859583399559154,13.937844011416672,False,False,Normal
128,2023-05-09,122.85459011526356,13.080612090292888,26.14126350363802,24.350761329401614,109.77397802497067,14.328217641995247,99.64866464005186,False,False,Normal
129,2023-05-10,66.8090653734563,13.111326697906014,21.265451962258272,12.144911848758136,53.69773867555029,8.035487826090783,47.1144606986944,False,False,Normal
130,2023-05-11,26.579772100727237,9.933625858851682,18.307441197077804,4.223591693695675,16.646146241875556,2.3262792590777868,9.156214346512886,False,False,Normal
131,2023-05-12,41.47954146848045,14.164879246954545,20.609468135603603,6.135241008338487,27.314662221525904,3.470151985669332,15.795291100176748,False,False,Normal
132,2023-05-13,61.14741845828066,14.412281083907086,22.537787394493847,9.35975961895361,46.73513737437358,5.746189012936867,38.66601643899641,False,False,Normal
133,2023-05-14,28.35504211701956,3.3252470932598888,10.972821254312969,6.408608630416006,25.02979502375967,3.403200560352553,9.136521561423297,False,False,Normal
134,2023-05-15,21.618308930615463,6.69855421671718,14.964421580635046,4.242761841139638,14.919754713898282,1.5112467091274824,5.484890508919274,False,False,Normal
135,2023-05-16,94.4438014692242,8.74708272080671,22.182486240348087,17.12013700374493,85.69671874841748,9.493162501912526,76.1966829388538,False,False,Normal
136,2023-05-17,29.001513764175822,13.874592288367722,20.375938001066032,4.8748110248789125,15.1269214758081,2.4754552554119216,11.297216223621453,False,False,Normal
137,2023-05-18,162.19239123209977,13.658154594900548,27.454106377838457,29.01543573501583,148.53423663719923,14.321566311883972,136.03269839235315,False,True,High Vol
138,2023-05-19,57.13093419730324,11.877936815839838,19.696290111537923,8.592378034075665,45.2529973814634,5.173875115735088,36.21772561665411,False,False,Normal
139,2023-05-20,40.36526539639989,8.663397298719824,19.41950415119388,7.330667486121773,31.70186809768007,5.4404709406080025,31.70186809768007,False,False,Normal
140,2023-05-21,30.05958773160534,6.935097848448133,14.263143447622845,5.16709165387335,23.124489883157207,3.6445381027786015,15.46651900706079,False,False,Normal
141,2023-05-22,21.848315986338715,14.048770091470384,18.62356512156909,2.00389798502246,7.799545894868331,1.827790796974732,4.734865223538641,False,False,Normal
142,2023-05-23,25.791594212528047,14.364104735062838,20.398832738391537,3.249728380829527,11.427489477465208,2.2551596957349522,7.362852517036341,False,False,Normal
143,2023-05-24,26.411672291257453,13.078911669028049,20.20647369102687,3.4488644321781963,13.332760622229404,2.658473105830561,8.036560045666562,False,False,Normal
144,2023-05-25,24.60638933580662,12.03246668653042,19.386312167709164,3.5082427803077634,12.573922649276202,2.002027977700368,5.462114494968397,False,False,Normal
145,2023-05-26,30.419956100944088,18.038440103577447,21.561943208828797,3.40147367253639,12.381515997366641,2.4636366469337228,8.206484626249928,False,False,Normal
146,2023-05-27,33.1660385995717,15.111818257109135,19.89400404882471,5.81474286832828,18.054220342462564,1.8282478760962204,10.93287786185956,False,False,Normal
147,2023-05-28,25.232354472046257,12.69159377040447,16.929652378026915,3.097931758282606,12.540760701641787,1.8360756093312942,8.658695544653973,False,False,Normal
148,2023-05-29,30.58445393241059,11.17326305736989,17.9886526248449,5.222051855027997,19.4111908750407,2.5577530423011874,9.702598369929838,False,False,Normal
149,2023-05-30,40.51729622495658,12.164923554071317,22.798547784218325,7.055351642384289,28.352372670885266,3.4565633983966793,17.47465174774399,False,False,Normal
150,2023-05-31,69.73855094803336,19.389133751317516,28.76566569355458,11.371579022336297,50.34941719671585,4.99595000773633,37.18254420260162,False,False,Normal
151,2023-06-01,65.10931778271244,18.903641419548716,29.91568462330071,11.766146327381943,46.20567636316372,4.627431244648101,25.684136458685188,False,False,Normal
152,2023-06-02,46.36598838092935,20.82009837478617,28.462260925648238,7.446981886628302,25.545890006143182,3.533199584086709,15.33260406699814,False,False,Normal
153,2023-06-03,30.57696478356864,16.34222099225049,22.93408392088038,3.2357128240710606,14.234743791318152,2.0853619044290603,4.737633474737969,False,False,Normal
154,2023-06-04,25.544256275983606,14.015488596074045,18.641136084455095,2.7596021410238434,11.528767679909562,1.8772381087684522,5.289249676172645,False,False,Normal
155,2023-06-05,41.11726810000452,14.470641281051702,23.977844037250886,6.922697858426617,26.64662681895282,4.113669548557966,18.760249523778864,False,False,Normal
156,2023-06-06,26.108437301048987,16.22225624380939,21.06049624966103,2.8644378107266992,9.886181057239597,2.668020944127109,7.897899542360825,False,False,Normal
157,2023-06-07,31.637417921309964,16.75013664793974,21.205542914909877,2.833433076274895,14.887281273370224,1.9663769231658361,11.832274218117355,False,False,Normal
158,2023-06-08,34.16523351813421,16.56704498348039,23.42817809780062,4.379041127190097,17.59818853465382,2.1976515455634695,8.310167396340425,False,False,Normal
159,2023-06-09,51.06472919690345,16.551694949533942,24.479882842052433,6.866980662859899,34.513034247369504,3.9761825577240537,23.851468900450556,False,False,Normal
160,2023-06-10,28.460375931829116,16.746196414528175,20.53419018886264,2.5600872739109874,11.714179517300941,1.6469657747867974,7.056673236673507,False,False,Normal
161,2023-06-11,38.78613403163055,14.649682667037112,23.202312259741674,6.793976875063649,24.13645136459344,3.3214037973114725,12.44312048120046,False,False,Normal
162,2023-06-12,35.504608841039605,14.728031263548989,23.549897314980253,4.8887053316015265,20.776577577490617,2.981664352539077,9.025496012924574,False,False,Normal
163,2023-06-13,29.118546399732782,5.38065544031437,22.245800930852283,6.428961098295188,23.73789095941841,2.6035058899608474,7.454282364475196,False,False,Normal
164,2023-06-14,50.96253944713369,9.262749087157678,23.561306327078103,9.261553002236033,41.699790359976014,4.869559660043041,25.48855325176131,False,False,Normal
165,2023-06-15,61.41395352168551,15.606237450738025,26.370019862808395,10.287925583707747,45.80771607094748,6.9400977805481014,38.15937357440421,False,False,Normal
166,2023-06-16,76.62199789375951,17.46942516930467,29.64051537936598,14.080117660242442,59.15257272445484,9.475561569496293,47.96335810579019,False,False,Normal
167,2023-06-17,28.295742622707127,15.692114026772018,20.24140135418899,3.047079902624152,12.60362859593511,1.718496294994872,6.3173945522213515,False,False,Normal
168,2023-06-18,25.31379028033793,13.39082226692015,19.511228190195606,3.494555799240878,11.92296801341778,1.137031683455285,3.959056238225518,False,False,Normal
169,2023-06-19,32.82149775685928,16.581772268321952,25.288122622658502,5.9301592394759,16.239725488537328,2.0639003423882323,6.57587318701675,False,False,Normal
170,2023-06-20,44.81619807079004,20.001288631667993,28.105027904088583,6.43267382544041,24.814909439122044,2.693883207134325,11.69309109475762,False,False,Normal
171,2023-06-21,36.82508716471348,16.014295854962786,23.376220648331028,4.670206641438962,20.810791309750694,2.700532726322573,12.04923833414393,False,False,Normal
172,2023-06-22,41.654157710533816,16.03229751525667,24.902007599326662,6.980065090541616,25.621860195277147,2.53482236515392,11.44239458030889,False,False,Normal
173,2023-06-23,65.9354251735261,20.7361431030756,34.00545252836823,11.121233373674462,45.199282070450494,6.635581889780576,41.3270690504349,False,False,Normal
174,2023-06-24,78.74557152407775,19.09079722297095,33.64582505163941,13.104531300736125,59.6547743011068,10.002753937486409,50.88974785498262,False,False,Normal
175,2023-06-25,143.72494180271192,21.05253291243288,39.24181313743746,25.195677120926156,122.67240889027904,11.740634370920498,84.04184110873949,False,False,Normal
176,2023-06-26,72.1521089114428,23.953285912345017,37.04870929789123,13.589071219527197,48.19882299909778,9.758565258460361,38.55887898164537,False,False,Normal
177,2023-06-27,63.45731266209665,21.625318606420297,34.47931065796899,10.81336556176403,41.83199405567635,5.464657496781708,24.194551294185352,False,False,Normal
178,2023-06-28,97.27011868689468,23.669623265516567,40.940362274038456,17.931717383252657,73.60049542137811,10.6083458740425,49.27496270960704,False,False,Normal
179,2023-06-29,87.65044218477532,24.22853992829944,37.69209410509475,12.890110334229679,63.421902256475875,8.60700420268247,47.67341095058941,False,False,Normal
180,2023-06-30,46.71237206628337,21.13736400507839,30.665547781822983,6.754032013348922,25.575008061204983,2.76992215732155,9.989151562975024,False,False,Normal
181,2023-07-01,48.72076018743909,20.179476586521663,29.533208946890564,6.904315787908807,28.541283600917428,3.36474793861068,10.787782710930443,False,False,Normal
182,2023-07-02,204.9054534327813,20.30862372429756,48.21519376518139,38.321372464956625,184.5968297084837,23.38989569777622,163.6313583472503,False,True,High Vol
183,2023-07-03,715.4073986904256,24.41732116418894,61.6466149577407,139.36741850200193,690.9900775262366,61.2622696072073,676.0152822132765,True,True,Spike + High Vol
184,2023-07-04,37.65027850540229,20.54334484841894,29.653467724917903,4.918963183552595,17.10693365698335,3.0562467325995377,8.420481775993501,False,False,Normal
185,2023-07-05,250.6399218302372,17.01260335828089,61.397615611775414,53.17631160969564,233.6273184719563,31.323243755493966,196.78366361197624,False,True,High Vol
186,2023-07-06,154.29712146724208,29.313932274634944,73.56793642607673,36.51794162168049,124.98318919260714,16.294483737879204,53.40249619813959,False,True,High Vol
187,2023-07-07,99.66145093074614,29.996772954116857,47.8432702803784,16.639552526386645,69.66467797662929,11.844180905343228,52.54347980324116,False,False,Normal
188,2023-07-08,65.72898006195493,22.419023735725577,33.85016475075319,11.971285800450019,43.309956326229354,6.6354900886906085,24.652489095426667,False,False,Normal
189,2023-07-09,54.168653020070224,22.547753425230727,31.52403907930398,6.936095002807618,31.620899594839496,3.804780645226347,14.481671614638088,False,False,Normal
190,2023-07-10,94.52499757268892,19.02436605845346,34.13625138925884,14.485315465920255,75.50063151423547,8.378941186633746,57.01563107802511,False,False,Normal
191,2023-07-11,42.089457665840385,13.058351108341023,27.417926575035807,8.214496127310666,29.031106557499363,3.792759109515206,11.211493536931616,False,False,Normal
192,2023-07-12,43.650413436734624,19.56393634775079,28.841079393006822,7.044210677153389,24.086477088983834,3.3760076386079816,9.054602422053168,False,False,Normal
193,2023-07-13,61.15805774236172,20.379565304440863,35.909341720848424,11.450115446588743,40.77849243792086,4.233891545244689,10.66379510771317,False,False,Normal
194,2023-07-14,54.54682505956493,21.773170280721875,33.02599364560587,9.061487168995765,32.77365477884305,4.601457847454519,18.019185165994124,False,False,Normal
195,2023-07-15,104.06945696725622,22.589797549584937,36.47442454746902,16.627017435266193,81.47965941767129,8.04333823043728,59.432547123934704,False,False,Normal
196,2023-07-16,37.08536150663502,20.119387233496337,29.422418750070253,4.385768054329407,16.96597427313868,2.054265620421842,5.095655790732522,False,False,Normal
197,2023-07-17,94.73890061622384,17.651609493875487,38.2257807903443,20.533405742138584,77.08729112234836,8.097319312741236,54.24706980927173,False,False,Normal
198,2023-07-18,50.67615746801555,23.007143945542364,34.22682768073958,7.889901380600414,27.66901352247319,5.504434976981261,14.717303081011124,False,False,Normal
199,2023-07-19,36.83510922045836,18.83657489909919,27.81754988207122,5.018609250035851,17.998534321359166,2.7948345575453333,12.398533098531974,False,False,Normal
200,2023-07-20,47.985761351944554,18.65693382895101,32.68339583743879,9.400141279586418,29.328827522993542,3.180057634526297,7.4745762588504014,False,False,Normal
201,2023-07-21,229.10668052597205,22.223191410873643,57.403340119222065,44.69557185348908,206.8834891150984,28.894470326651533,203.96848126750092,False,True,High Vol
202,2023-07-22,43.1426629369812,23.19620066287137,30.39102660553876,5.409065897570789,19.946462274109834,2.4944401368086915,7.90487291879375,False,False,Normal
203,2023-07-23,77.2468080361687,19.765534252689427,35.407391708507035,14.80828828998283,57.481273783479274,6.534810549245992,37.49953882233786,False,False,Normal
204,2023-07-24,57.64884317315463,25.00246757909032,36.12989736720001,8.65444918718494,32.64637559406431,4.245805525945407,11.212934783108452,False,False,Normal
205,2023-07-25,70.46981373667381,12.902040370929276,35.394175377022016,12.56723645863533,57.567773365744536,5.715160038919589,17.4225722211214,False,False,Normal
206,2023-07-26,46.27774600801191,18.401269072889153,30.543015821164683,8.427192308375087,27.876476935122756,3.6062221779387773,17.749961887976692,False,False,Normal
207,2023-07-27,104.6440629982882,26.997277977767443,55.56355756831214,23.947906414111262,77.64678502052077,8.776992071853835,27.42660662062101,False,False,Normal
208,2023-07-28,92.85883118532992,21.174891541897537,48.21696682881611,21.24066834782798,71.68393964343238,6.927957759831753,33.32327715274177,False,False,Normal
209,2023-07-29,98.0747892988128,22.195722594794777,38.39460100118724,17.858436843846764,75.87906670401803,8.680281026672416,46.26713855546736,False,False,Normal
210,2023-07-30,35.83655786267959,12.072407887987888,21.132579802014842,6.134536710777065,23.764149974691705,3.256052875575422,11.290354430050336,False,False,Normal
211,2023-07-31,91.96113858923432,18.18244366837788,35.01522823549586,16.427108901395833,73.77869492085645,10.13867452984856,49.1277386015269,False,False,Normal
212,2023-08-01,57.19760916555535,20.360809056529767,33.13129974536914,9.813191039639946,36.83680010902558,6.956365428719527,34.64773253819278,False,False,Normal
213,2023-08-02,66.56345015572866,18.679939033385033,27.127698665586806,10.702054037343059,47.88351112234363,5.604673591076232,41.124246789482875,False,False,Normal
214,2023-08-03,43.209570905615955,18.915124060274614,26.897456921524917,5.195978200402023,24.29444684534134,3.8893998912774794,12.844734542266607,False,False,Normal
215,2023-08-04,127.72831085861137,18.254764758090197,31.5210326756952,20.910681934067323,109.47354610052116,11.429720457091944,98.69123281837494,False,False,Normal
216,2023-08-05,47.93819781931046,20.42598769531421,29.072430946044033,8.290837434520121,27.51221012399625,2.931770416963379,11.497023042796009,False,False,Normal
217,2023-08-06,78.6292750158799,20.12939592378699,38.91943164668287,18.781113764805497,58.49987909209291,6.732655769187645,29.9613660899688,False,False,Normal
218,2023-08-07,56.57983970683206,18.692381616465415,36.76365688921772,11.144709645595691,37.88745809036665,6.968551170186493,20.285630807249092,False,False,Normal
219,2023-08-08,63.71332313367948,16.542090144085392,27.656924414010323,10.019423463790433,47.17123298959409,5.59028635329318,31.863089360421547,False,False,Normal
220,2023-08-09,50.47095032832759,18.109952820475954,30.13043769805823,8.443858265098433,32.360997507851636,4.374355971161788,17.697726028955834,False,False,Normal
221,2023-08-10,39.37253374900467,21.16818442094877,30.221601856333667,4.97003136403997,18.204349328055898,2.1223349511932663,7.0798285384058985,False,False,Normal
222,2023-08-11,610.3133064344532,20.645213059417877,75.98837371182907,139.11944502575787,589.6680933750354,67.20975356608604,567.5858708575896,True,True,Spike + High Vol
223,2023-08-12,61.033657011852455,18.392756857612294,29.345247763809198,11.944757902730107,42.64090015424016,6.446073654455704,30.413497199807185,False,False,Normal
224,2023-08-13,333.92122721672484,19.90856866543037,46.927722871430596,63.40674722169699,314.01265855129446,32.714752181865535,279.9368003141688,True,True,Spike + High Vol
225,2023-08-14,76.46194561230749,21.07366758162472,35.822926645675295,13.048474789877183,55.38827803068277,5.409630394988734,30.111128867589457,False,False,Normal
226,2023-08-15,52.146061451102106,21.088773735194938,28.833082404200244,5.8847060692468425,31.05728771590717,3.8378611272822054,22.908622786120073,False,False,Normal
227,2023-08-16,39.071117173345726,18.736304419002906,29.25578590571611,5.575267087565033,20.33481275434282,3.419271984421106,9.044663783592394,False,False,Normal
228,2023-08-17,67.36842688945464,-6.490766069291659,22.277560986181882,14.65388004420067,73.85919295874629,9.434886623293743,47.87538519324719,False,False,Normal
229,2023-08-18,54.36864744847515,7.498127171657551,22.371204401892513,11.870206280138095,46.8705202768176,8.235626341288718,27.042658119636013,False,False,Normal
230,2023-08-19,38.419850555544926,-7.228042017043797,10.676688610186247,9.233686717694315,45.647892572588724,5.273280719764443,22.528640875397674,False,False,Normal
231,2023-08-20,70.75321063459458,-1.995722017347597,23.037154756029253,14.48847357183911,72.74893265194218,6.1430210877026985,37.434088019318104,False,False,Normal
232,2023-08-21,92.1784273583664,15.389026964488243,36.91702069641667,20.542189273635515,76.78940039387817,6.901362838958705,50.01538499085964,False,False,Normal
233,2023-08-22,39.28418283164013,16.607034444444132,24.256682944471347,5.7386061980730725,22.677148387196,3.8584517540207726,8.79641279553875,False,False,Normal
234,2023-08-23,31.231920392449084,17.07143393697739,23.445451172653325,4.61710598852352,14.160486455471695,2.196043911528106,5.003786458602612,False,False,Normal
235,2023-08-24,33.23658478117115,21.43795462111661,28.480424094877616,3.845942748254744,11.798630160054543,1.8645868134475907,5.636457265294954,False,False,Normal
236,2023-08-25,37.85576439462901,16.8078301289012,29.62889451229699,6.0163028711065945,21.04793426572781,2.719172618371407,9.539296255671733,False,False,Normal
237,2023-08-26,43.06822490957498,20.125434521352005,28.77598240567464,5.463464852961764,22.942790388222974,3.740634959029096,16.50683597191962,False,False,Normal
238,2023-08-27,89.1814312200083,15.167266771133855,33.20716488880804,18.67404337072935,74.01416444887445,9.102032817093663,40.47493522354702,False,False,Normal
239,2023-08-28,59.49075568619108,19.463845791211742,33.747004256123475,10.95849102952698,40.02690989497934,6.732112773582065,24.241152999835023,False,False,Normal
240,2023-08-29,50.44584676202607,17.78368345910671,31.159164807829526,9.30380465198565,32.66216330291936,4.53312575435493,12.693600576684645,False,False,Normal
241,2023-08-30,57.3214584895492,22.02819380759917,30.237979518850143,6.977465032616457,35.293264681950035,5.597444282426134,29.376704602358554,False,False,Normal
242,2023-08-31,35.12387976734929,15.923664572064812,21.14721431417022,5.049300349130604,19.200215195284475,2.8582958139752335,14.927724281837836,False,False,Normal
243,2023-09-01,43.19720971664633,14.944120743569671,23.99183834994758,6.603270945206143,28.253088973076657,3.6624117233329114,11.655011358189686,False,False,Normal
244,2023-09-02,36.51030738538527,-0.7732670389209682,21.502517128281866,8.35476277814611,37.28357442430624,3.9756094440135534,12.450415343658433,False,False,Normal
245,2023-09-03,188.67632872838203,13.236385925833815,36.768497403827666,35.7303501354249,175.43994280254822,17.203411862448064,133.25250202665202,False,True,High Vol
246,2023-09-04,86.71929077283191,18.146417633753885,40.42669594100803,18.552741815527202,68.57287313907803,7.223857234926919,34.54942535191361,False,False,Normal
247,2023-09-05,941.146024183275,27.077092916478183,181.2175498473198,248.27857645040496,914.0689312667969,141.25507760342887,594.249232684233,True,True,Spike + High Vol
248,2023-09-06,562.7400464678014,36.48468743647669,131.45163457966848,137.6750853081013,526.2553590313248,59.91283674649567,257.0059494527971,True,True,Spike + High Vol
249,2023-09-07,155.25932351584905,30.303222142725943,72.96478910164288,43.20244516281229,124.9561013731231,13.468466403315686,67.5639835804356,False,True,High Vol
250,2023-09-08,86.42042451246976,19.930896369913384,35.466824999933614,16.982140252245333,66.48952814255638,6.9591492222843705,32.91582039713865,False,False,Normal
251,2023-09-09,80.61537402887024,20.381074196553257,39.509868124460986,16.594209529546195,60.23429983231698,7.452713559455245,32.82036309832917,False,False,Normal
252,2023-09-10,36.50271568500044,18.235448778778697,27.687319043372497,5.859344511111428,18.267266906221742,2.726859341768642,9.95849895916447,False,False,Normal
253,2023-09-11,57.91995919349099,20.299282305176803,34.55536822622212,9.434077401752232,37.620676888314186,5.02939937232262,15.425861874544381,False,False,Normal
254,2023-09-12,58.50012078744215,19.873387150163275,34.079474977139526,9.581387366187462,38.626733637278875,4.539375444311098,21.15239435525659,False,False,Normal
255,2023-09-13,111.74451630185332,24.76141277726093,43.536446296552576,22.85446213213403,86.9831035245924,13.941215984491185,57.90218026253234,False,False,Normal
256,2023-09-14,49.02253828019128,-11.179986267770683,29.562016158595323,12.010628305929357,60.20252454796196,9.360573051810826,56.277119429344324,False,False,Normal
257,2023-09-15,32.29265942029047,17.740811896826255,20.983833077753314,3.0866885423139703,14.551847523464215,2.3327957191071986,11.19423310620818,False,False,Normal
258,2023-09-16,50.42392383280536,13.820174325342627,20.851085388992,8.464803656604026,36.60374950746273,4.196984334801239,26.88236453559222,False,False,Normal
259,2023-09-17,32.17745200680072,10.615242581377275,18.806923382730016,5.902923212244004,21.562209425423447,2.5220097486726543,9.572691537981946,False,False,Normal
260,2023-09-18,60.698456191576824,14.698271304792051,28.518367738657158,10.636818753266123,46.00018488678477,6.596760834786962,32.72948426087646,False,False,Normal
261,2023-09-19,31.92686132453721,15.40739503896298,22.045721411996098,4.363953479219833,16.519466285574232,3.7560929750184484,11.1244352052037,False,False,Normal
262,2023-09-20,37.3981932979036,12.818085096384294,23.4983573027426,6.647864195250113,24.58010820151931,3.319005606899435,13.04360187005667,False,False,Normal
263,2023-09-21,38.49344364769811,15.113881155544728,24.659095538080866,6.844133640817873,23.37956249215338,4.011854517424292,14.200805969883824,False,False,Normal
264,2023-09-22,33.88818226485382,15.17467641273854,22.135002979377976,4.549757378072316,18.713505852115276,2.3751430178690836,12.43062767189015,False,False,Normal
265,2023-09-23,32.55864552110901,14.687605220379066,22.874897361715274,5.226490171067224,17.87104030072994,2.149383578965473,6.141811615050344,False,False,Normal
266,2023-09-24,36.78126067877842,12.059349193246629,22.378419541551406,7.1788877970764124,24.721911485531795,3.2567348773522737,10.870469750048233,False,False,Normal
267,2023-09-25,38.66394515571275,17.00264785807741,26.467485346231825,6.40877588625785,21.661297297635343,3.9896822596384705,15.559113500722592,False,False,Normal
268,2023-09-26,30.692378820319973,16.80831407768855,23.36452988686679,3.705130795094697,13.884064742631423,2.7986572952628164,7.325712333990126,False,False,Normal
269,2023-09-27,48.950416078680014,14.889071025969963,25.05047158120176,7.765024938919844,34.06134505271005,5.6725769630941825,25.847629491327613,False,False,Normal
270,2023-09-28,35.348468269243725,11.759262258036866,22.7683708595852,5.569956771074098,23.58920601120686,3.1993264288882215,8.470643373173665,False,False,Normal
271,2023-09-29,52.05520723875309,16.50261217697582,27.569496985245213,8.179763328182986,35.55259506177727,4.721794885351989,24.16900130238482,False,False,Normal
272,2023-09-30,36.218060984105776,17.100484124865915,23.30572317635436,5.342865551973205,19.11757685923986,3.6500490613850456,12.532586456546621,False,False,Normal
273,2023-10-01,35.86567684591303,13.83707800121462,20.789199266436167,6.133829447974144,22.028598844698408,2.931149162496354,10.264384144822174,False,False,Normal
274,2023-10-02,48.37511995865118,13.73240316294364,23.20933168882165,8.690777310238074,34.64271679570754,4.680802800378316,12.500473491931373,False,False,Normal
275,2023-10-03,50.69293900735218,15.102351442981597,22.347537182301668,7.678984220781785,35.59058756437058,4.0778422996647254,21.774589878228287,False,False,Normal
276,2023-10-04,152.91185151355216,17.55004132690399,36.08895945920988,28.01189781800235,135.36181018664817,14.16690357717408,95.92520574210097,False,True,High Vol
277,2023-10-05,204.58279963670967,17.904216868287357,36.789879394979856,36.747409241341764,186.6785827684223,19.94943578479294,175.30299590905133,False,True,High Vol
278,2023-10-06,49.464850440373965,17.734913393575397,33.872196164853285,8.021102978362393,31.729937046798568,4.482341673107457,14.121793312978959,False,False,Normal
279,2023-10-07,37.34896364463177,11.047270180832276,22.99061786601929,6.245392001254794,26.301693463799495,2.817395795203963,8.82106763642745,False,False,Normal
280,2023-10-08,20.07372444103315,2.232655731725385,11.058176932787093,4.394188895244742,17.841068709307766,3.2260467292828285,6.903767355082552,False,False,Normal
281,2023-10-09,49.361171683147184,4.505632325346144,19.179734526404726,9.136807819424561,44.85553935780104,4.631682125310624,20.32578808955567,False,False,Normal
282,2023-10-10,81.38430370542132,17.152400316503197,33.42334116017285,15.99641413307124,64.23190338891811,10.580549069407748,44.72491866790822,False,False,Normal
283,2023-10-11,55.10450741497159,16.229810989349804,27.92376766499494,9.486595764166177,38.87469642562179,5.916377571602777,20.239943174628394,False,False,Normal
284,2023-10-12,32.87647931633895,17.0482664379487,23.296813254473577,4.326052718319322,15.82821287839025,2.6978828566266437,10.30404417825229,False,False,Normal
285,2023-10-13,38.68645147789919,18.297114638784244,26.205859843520184,6.766654466859173,20.389336839114947,3.5142748852834846,11.407946603624943,False,False,Normal
286,2023-10-14,43.638844899962336,15.138963307691863,26.844807538969377,6.973044927124639,28.499881592270473,4.270065055547162,14.543290979452333,False,False,Normal
287,2023-10-15,27.181491690213974,15.085029977820389,18.568320804628218,3.3613474824811544,12.096461712393586,1.8806774462626528,5.931929729556369,False,False,Normal
288,2023-10-16,56.082486895292114,15.544090918348928,24.83930433583507,8.452386693375622,40.538395976943185,4.986566462486882,23.597215570394255,False,False,Normal
289,2023-10-17,36.11862600483735,16.0073509906497,26.829472623286975,5.742249583491036,20.11127501418765,4.288990640761577,10.539755350717417,False,False,Normal
290,2023-10-18,50.088812823043774,18.24287188079221,30.238093376324073,8.491669418107099,31.845940942251563,5.783116337422228,24.277698611558556,False,False,Normal
291,2023-10-19,41.945957045405336,16.57444881786937,25.407212857103058,7.027386434581119,25.371508227535966,3.3648162209222052,8.81914173128774,False,False,Normal
292,2023-10-20,42.97119024097809,10.454410316159183,24.520030501132524,8.032184646401028,32.516779924818906,6.253867939736927,19.0709164735646,False,False,Normal
293,2023-10-21,38.38653437366794,16.255489168263274,25.35872308272798,5.290750942808533,22.131045205404668,4.579617244958609,15.425437520444824,False,False,Normal
294,2023-10-22,44.194009480169186,8.930681415382205,22.482295212813167,8.81514752373404,35.26332806478698,6.387708148476254,22.283099779509254,False,False,Normal
295,2023-10-23,106.37282298918048,16.8171793095843,36.34934150462559,21.11409141283858,89.55564367959617,12.779799869987711,75.29145146103804,False,False,Normal
296,2023-10-24,69.78117254440039,16.1105056670837,26.878356349220184,11.290905137168702,53.67066687731669,6.811693655916953,38.19683221203783,False,False,Normal
297,2023-10-25,47.36998153229169,12.059437733036129,24.760098333766436,8.536727507611133,35.31054379925556,5.1278017363236374,24.58684855137524,False,False,Normal
298,2023-10-26,62.90305010947974,16.863531114681376,31.28767185392056,12.86522307303825,46.03951899479837,10.048384132441326,39.889184179782845,False,False,Normal
299,2023-10-27,32.75521855579281,16.771928485003347,24.448664081366235,5.311638828906997,15.983290070789462,3.0946179368257685,7.2825683352949255,False,False,Normal
300,2023-10-28,422.6736486606447,12.513116405298645,47.777303995565184,82.1519511578518,410.160532255346,40.56268306762535,394.8837810101131,True,True,Spike + High Vol
301,2023-10-29,45.8807425219019,17.543157006122534,29.00275179671507,7.134353357964674,28.337585515779367,5.401707082757078,14.372273690929596,False,False,Normal
302,2023-10-30,57.3289337120597,20.830183460818834,31.581253000875268,8.224660024556522,36.498750251240864,7.426004020434556,35.091476017410386,False,False,Normal
303,2023-10-31,53.52074292547998,17.762775708686306,27.72660637527378,7.005860364022052,35.75796721679367,5.46967605754842,27.961697741266775,False,False,Normal
304,2023-11-01,39.19463198672758,17.845051042107805,29.0757110387369,4.71688644424191,21.349580944619774,3.4013733258754257,9.209171302601938,False,False,Normal
305,2023-11-02,41.64139299744441,17.213772330573303,27.57875206897833,5.5287114821928744,24.42762066687111,3.146748997603292,17.024884866307538,False,False,Normal
306,2023-11-03,96.87592337135204,15.660527016889612,25.175283946644612,16.43806614621701,81.21539635446243,8.979929757444108,78.01133826079645,False,False,Normal
307,2023-11-04,70.4237625750486,16.273692279404347,29.628513002571257,12.807609126440147,54.150070295644255,7.674422848233051,40.446985280290505,False,False,Normal
308,2023-11-05,34.20942986589095,16.986352856554007,23.791681615959266,4.687494920124813,17.22307700933694,3.4501737181013117,7.7396454484777415,False,False,Normal
309,2023-11-06,72.5203090091658,17.564181609715085,29.295899957778172,11.827604839162417,54.956127399450715,7.495317601326779,36.508226119740655,False,False,Normal
310,2023-11-07,42.22907288099045,12.818672592170694,23.9965977968683,6.689912275121425,29.41040028881976,5.059787863904338,20.200806250796234,False,False,Normal
311,2023-11-08,68.24176607595908,20.41646301184196,27.13651928519677,9.571012902133345,47.82530306411712,5.9641078819727396,43.157186080184836,False,False,Normal
312,2023-11-09,42.565137546500026,19.91493397753033,27.54970905433054,4.92499947694704,22.650203568969697,5.040767424356349,18.164625740280563,False,False,Normal
313,2023-11-10,73.29257400406601,24.46991496876084,39.6559461774248,13.670828503318385,48.82265903530517,12.238679055392833,44.1271000348125,False,False,Normal
314,2023-11-11,43.83578336821465,24.18209635401882,31.20549096140243,4.9340062014417185,19.653687014195828,4.571213496296306,12.637039725298433,False,False,Normal
315,2023-11-12,437.3828709892557,27.282526124981295,50.00367590422087,82.64350357900143,410.1003448642744,38.61338176385741,400.39909754428356,True,True,Spike + High Vol
316,2023-11-13,43.37712357912894,24.35812271353818,31.914341460952613,4.51172992592433,19.019000865590762,4.441878320637444,10.81932716436647,False,False,Normal
317,2023-11-14,108.01705328650053,19.029818556419983,34.41071804400278,17.084999800517227,88.98723473008054,9.157569641451989,65.53494892133945,False,False,Normal
318,2023-11-15,40.7537760647241,17.082948860159092,26.01581816010352,5.998502983314824,23.670827204565008,3.7790712258986456,11.785979201154554,False,False,Normal
319,2023-11-16,126.66561692632789,8.765333759584172,35.82896777521068,25.69304815522338,117.90028316674372,16.395600785336065,95.75307089348058,False,False,Normal
320,2023-11-17,38.12732838970064,8.30094080909999,22.67402013326696,7.221237152684831,29.826387580600645,4.213822425678854,16.16942071157056,False,False,Normal
321,2023-11-18,52.60894198401033,13.703688552292869,28.93511289820607,9.399568215140905,38.90525343171746,7.015307542518631,27.160583059121848,False,False,Normal
322,2023-11-19,54.93211604934224,17.49009778394125,27.625619179690876,10.867628024977757,37.44201826540099,4.780803103314213,28.113072223288672,False,False,Normal
323,2023-11-20,49.53690792128777,19.509440219819545,30.143174581486253,8.475672216710507,30.027467701468225,5.180443766363299,20.84234545055903,False,False,Normal
324,2023-11-21,54.62247383416799,21.653326004277677,34.163865119007106,7.816957409734746,32.96914782989032,5.12510012757538,19.800822673224182,False,False,Normal
325,2023-11-22,37.72183008136521,23.474445285058763,29.13932310794658,3.8060304818560033,14.247384796306449,2.3272798349432215,8.124466432524056,False,False,Normal
326,2023-11-23,31.65986402436455,14.48634271581074,22.582222767025403,5.615465992626352,17.17352130855381,3.28917316112044,10.077157299813724,False,False,Normal
327,2023-11-24,86.39158889228771,16.189572529801207,29.682770576274553,14.430935893179374,70.2020163624865,8.827434008096331,54.23325735215388,False,False,Normal
328,2023-11-25,52.677572376103285,24.945271582042764,35.43610546855864,8.032970947931174,27.73230079406052,4.780085397116193,12.560882122228655,False,False,Normal
329,2023-11-26,48.49746142076409,17.566613710529587,31.52864781137338,7.044581911915827,30.930847710234502,3.596052896638009,11.579899871160706,False,False,Normal
330,2023-11-27,66.6768732416871,18.100282383065036,30.36733652117492,12.125302790855097,48.57659085862207,7.803653218740178,25.762072077946414,False,False,Normal
331,2023-11-28,71.23412066153486,17.167893137682924,35.76587667045086,13.160786935546493,54.066227523851936,8.44900753343372,35.99918966886301,False,False,Normal
332,2023-11-29,84.75992978348256,25.28865938084744,41.71632685224784,14.320584256804514,59.47127040263512,11.41218532692776,41.99998928241858,False,False,Normal
333,2023-11-30,62.33144988516679,21.3282270007204,34.44284664087818,9.329549264394988,41.00322288444639,5.845917435761656,22.34452840275521,False,False,Normal
334,2023-12-01,54.610088845824,25.86749308177591,34.05685209695479,6.9747195614239095,28.742595764048094,4.598573326312266,22.246752792857578,False,False,Normal
335,2023-12-02,41.37817783941646,23.825469880803304,30.743960984079525,4.628036517875674,17.552707958613155,3.8343597165434162,11.43652630343518,False,False,Normal
336,2023-12-03,48.30122109737604,23.153047087858283,32.28803875784153,6.886717117973058,25.14817400951776,5.262080893809461,20.377408173040273,False,False,Normal
337,2023-12-04,48.47494996242395,24.42737681926939,34.17164529906683,7.246018707620569,24.04757314315456,4.027997058273905,16.267571970893243,False,False,Normal
338,2023-12-05,143.26340062524122,25.66828672775947,40.0136011920195,22.707226236987267,117.59511389748175,11.825162455223664,113.61078842069222,False,False,Normal
339,2023-12-06,72.42172998695168,25.146020227904692,39.3347222914966,9.548387277521073,47.27570975904698,6.121218372836805,29.30682242187818,False,False,Normal
340,2023-12-07,94.06294976523438,26.508122296165737,42.87386423412908,13.773429442075567,67.55482746906864,7.993858301577669,50.40087319881079,False,False,Normal
341,2023-12-08,78.77813466949354,23.173257386235104,34.345847754774695,12.404809677483904,55.60487728325843,8.67855377016105,46.61590921744781,False,False,Normal
342,2023-12-09,34.94548703474295,16.57505791312319,25.449547693590148,4.528835157696357,18.370429121619765,3.657818028081089,9.495536400736807,False,False,Normal
343,2023-12-10,41.22553628167615,16.240408245952022,26.266283183365033,7.554227288630288,24.985128035724127,3.3476411607655923,9.005339283629809,False,False,Normal
344,2023-12-11,40.05666094063792,16.80482445480485,27.528852649064387,6.143489713546838,23.251836485833067,3.3845113397493836,9.191806047307772,False,False,Normal
345,2023-12-12,31.461001975845893,17.868173241552814,23.658374775828378,3.704940669224774,13.592828734293079,2.629085426760181,9.987310236306122,False,False,Normal
346,2023-12-13,45.57806930175951,20.215035467336588,28.843399784714805,7.299472913708128,25.363033834422925,5.101610200493185,15.902715479104948,False,False,Normal
347,2023-12-14,64.14939183590026,18.729081773842587,32.04437366405092,11.338311491189081,45.42031006205767,7.074276232475187,24.118152506610326,False,False,Normal
348,2023-12-15,35.74869459166454,19.36253333797188,25.596438897707205,5.27083815174288,16.38616125369266,4.306260229886286,11.302091597808268,False,False,Normal
349,2023-12-16,38.32881149936866,16.944531771570457,22.830801738788107,5.445889616845306,21.384279727798205,3.1708669237970355,15.759581328621802,False,False,Normal
350,2023-12-17,31.80214864455486,7.535985345235664,21.3780037108684,6.609101146845814,24.266163299319196,3.2946870794194116,7.423067566744589,False,False,Normal
351,2023-12-18,31.925582989611335,13.8006494368657,21.991310989904452,4.978570001788089,18.124933552745638,2.7466322237868135,7.546025518342301,False,False,Normal
352,2023-12-19,42.838665925068305,15.30466784816182,26.556096585854892,7.39834135797714,27.533998076906485,4.9688754283493255,16.046288179524353,False,False,Normal
353,2023-12-20,49.08630010477757,21.695334464816305,34.22987184559013,7.980268666418406,27.390965639961266,4.736926596654127,18.939517662883976,False,False,Normal
354,2023-12-21,52.85573290347572,24.553819609079635,35.17313556402103,8.161867634039522,28.301913294396083,5.102521414132153,12.818860164374072,False,False,Normal
355,2023-12-22,47.415947363522555,26.19910088264856,32.671574758923974,6.98337259474311,21.216846480873997,3.6186669388180777,14.704485290861065,False,False,Normal
356,2023-12-23,50.61306615537971,22.783423876527355,31.773816700535818,7.276974980844583,27.829642278852358,5.478487651343502,19.930724378170087,False,False,Normal
357,2023-12-24,36.56515319313009,19.073804716633617,25.254352279759512,4.72079171494201,17.49134847649647,2.056654782813126,7.99065887673434,False,False,Normal
358,2023-12-25,20.75041271138844,12.360714876761332,17.94621349393988,2.326800970873654,8.389697834627107,1.0755049490174868,3.5852009000698466,False,False,Normal
359,2023-12-26,40.30089444890945,8.96910009216253,21.99532079411873,7.322717479141952,31.331794356746926,4.075465369750478,14.89003137535126,False,False,Normal
360,2023-12-27,46.796326828185514,18.69031609860659,26.55335188926439,6.276120245265206,28.106010729578923,3.655323168667035,15.595460062643397,False,False,Normal
361,2023-12-28,38.711819735913494,14.643944635114028,25.808689714370967,6.1987659130387085,24.067875100799466,3.7512290151413183,13.523255781098644,False,False,Normal
362,2023-12-29,34.493301326394686,12.99498543899552,23.932870851634657,4.468872377489725,21.498315887399166,2.3675147772127345,11.458614770732556,False,False,Normal
363,2023-12-30,91.80440508666229,22.449522178234194,31.600521914142366,14.236965342974651,69.3548829084281,7.0435826984711385,51.01231302413893,False,False,Normal
